,decoy,worst9mer
0,RC4_20_mini_nm_00050_1.6_31_0001_0054_hb_designed_relax_sym,0.37828116282446655
1,RC4_20_mini_nm_00121_1.6_31_0001_0040_hb_0005_designed_relax_sym,0.41867193777437484
2,RC4_20_mini_nm_00024_1.6_31_0001_0054_hb_0001_designed_relax_sym,0.3809265147542303
3,RC4_20_mini_nm_00249_1.6_31_0001_0010_hb_0010_designed_relax_sym,0.4570531920000171
4,RC4_20_mini_nm_00149_1.6_31_0001_0043_hb_0003_designed_relax_sym,0.4715139787944739
5,RC4_20_mini_nm_00211_1.6_31_0001_0058_hb_designed_relax_sym,0.4952904598300949
6,RC4_20_mini_nm_00063_1.6_31_0001_0001_hb_0003_designed_relax_sym,0.43287870370561654
7,RC4_20_mini_nm_00227_1.6_31_0001_0011_hb_designed_relax_sym,0.40924343995482754
8,RC4_20_mini_nm_00091_1.6_31_0001_0054_hb_designed_relax_sym,0.3781728109565194
9,RC4_20_mini_nm_00225_1.6_31_0001_0051_hb_0001_designed_relax_sym,0.45812689722101146
10,RC4_20_mini_nm_00021_1.6_31_0001_0027_hb_0001_designed_relax_sym,0.3690524017649465
11,RC4_20_mini_nm_00098_1.6_31_0001_0051_hb_0002_designed_relax_sym,0.36213004126330633
12,RC4_20_mini_nm_00127_1.6_31_0001_0035_hb_0019_designed_relax_sym,0.41931892631128354
13,RC4_20_mini_nm_00167_1.6_31_0001_0013_hb_0001_designed_relax_sym,0.38474835505045973
14,RC4_20_mini_nm_00020_1.6_31_0001_0007_hb_0003_designed_relax_sym,0.40114646091674994
15,RC4_20_mini_nm_00203_1.6_31_0001_0026_hb_0001_designed_relax_sym,0.3857575768306022
16,RC4_20_mini_nm_00011_1.6_31_0001_0024_hb_designed_relax_sym,0.3593667692491002
17,RC4_20_mini_nm_00037_1.6_31_0001_0062_hb_designed_relax_sym,0.4419635627564177
18,RC4_20_mini_nm_00221_1.6_31_0001_0007_hb_0001_designed_relax_sym,0.3920354057715904
19,RC4_20_mini_nm_00119_1.6_31_0001_0058_hb_0002_designed_relax_sym,0.33901920849748773
20,RC4_20_mini_nm_00238_1.6_31_0001_0043_hb_0003_designed_relax_sym,0.435085553322565
21,RC4_20_mini_nm_00127_1.6_31_0001_0022_hb_0002_designed_relax_sym,0.35273855905165447
22,RC4_20_mini_nm_00191_1.6_31_0001_0046_hb_0002_designed_relax_sym,0.5656831939211578
23,RC4_20_mini_nm_00206_1.6_31_0001_0021_hb_0002_designed_relax_sym,0.3646430546898651
24,RC4_20_mini_nm_00052_1.6_31_0001_0018_hb_0001_designed_relax_sym,0.39249174648779905
25,RC4_20_mini_nm_00080_1.6_31_0001_0028_hb_0001_designed_relax_sym,0.34876298326557276
26,RC4_20_mini_nm_00158_1.6_31_0001_0023_hb_0004_designed_relax_sym,0.3794492292344953
27,RC4_20_mini_nm_00079_1.6_31_0001_0025_hb_designed_relax_sym,0.4809666364653371
28,RC4_20_mini_nm_00174_1.6_31_0001_0053_hb_designed_relax_sym,0.34261448644926973
29,RC4_20_mini_nm_00063_1.6_31_0001_0055_hb_0001_designed_relax_sym,0.3670871368765857
30,RC4_20_mini_nm_00052_1.6_31_0001_0052_hb_0007_designed_relax_sym,0.4167422873561884
31,RC4_20_mini_nm_00137_1.6_31_0001_0035_hb_0002_designed_relax_sym,0.3724284085710728
32,RC4_20_mini_nm_00216_1.6_31_0001_0013_hb_0001_designed_relax_sym,0.4490852917519778
33,RC4_20_mini_nm_00093_1.6_31_0001_0061_hb_0002_designed_relax_sym,0.3994998346815358
34,RC4_20_mini_nm_00194_1.6_31_0001_0042_hb_0006_designed_relax_sym,0.3978421422538925
35,RC4_20_mini_nm_00091_1.6_31_0001_0013_hb_0002_designed_relax_sym,0.3725897801194525
36,RC4_20_mini_nm_00219_1.6_31_0001_0061_hb_0001_designed_relax_sym,0.4130859978066183
37,RC4_20_mini_nm_00181_1.6_31_0001_0031_hb_0001_designed_relax_sym,0.4444470208066433
38,RC4_20_mini_nm_00058_1.6_31_0001_0027_hb_designed_relax_sym,0.4203991623857429
39,RC4_20_mini_nm_00057_1.6_31_0001_0008_hb_0005_designed_relax_sym,0.36461528456773334
40,RC4_20_mini_nm_00115_1.6_31_0001_0052_hb_0005_designed_relax_sym,0.36491970531795687
41,RC4_20_mini_nm_00036_1.6_31_0001_0037_hb_0004_designed_relax_sym,0.4673223534888464
42,RC4_20_mini_nm_00108_1.6_31_0001_0035_hb_designed_relax_sym,0.38433054807317574
43,RC4_20_mini_nm_00180_1.6_31_0001_0058_hb_0002_designed_relax_sym,0.372820821852873
44,RC4_20_mini_nm_00051_1.6_31_0001_0003_hb_0002_designed_relax_sym,0.3958091674269038
45,RC4_20_mini_nm_00225_1.6_31_0001_0017_hb_designed_relax_sym,0.41159761915011833
46,RC4_20_mini_nm_00242_1.6_31_0001_0053_hb_designed_relax_sym,0.3751533123951824
47,RC4_20_mini_nm_00208_1.6_31_0001_0002_hb_0001_designed_relax_sym,0.4587546451129785
48,RC4_20_mini_nm_00013_1.6_31_0001_0038_hb_0003_designed_relax_sym,0.38313303460486386
49,RC4_20_mini_nm_00045_1.6_31_0001_0036_hb_0001_designed_relax_sym,0.39393787633834687
50,RC4_20_mini_nm_00194_1.6_31_0001_0048_hb_0002_designed_relax_sym,0.3579973753348816
51,RC4_20_mini_nm_00082_1.6_31_0001_0062_hb_0001_designed_relax_sym,0.3622177486391042
52,RC4_20_mini_nm_00182_1.6_31_0001_0006_hb_0002_designed_relax_sym,0.4983230003520911
53,RC4_20_mini_nm_00164_1.6_31_0001_0008_hb_0002_designed_relax_sym,0.44027602706893787
54,RC4_20_mini_nm_00019_1.6_31_0001_0025_hb_designed_relax_sym,0.3991325625989634
55,RC4_20_mini_nm_00142_1.6_31_0001_0016_hb_0002_designed_relax_sym,0.416456053324733
56,RC4_20_mini_nm_00048_1.6_31_0001_0042_hb_0002_designed_relax_sym,0.41031712239879276
57,RC4_20_mini_nm_00161_1.6_31_0001_0045_hb_designed_relax_sym,0.49629887342495316
58,RC4_20_mini_nm_00040_1.6_31_0001_0045_hb_0001_designed_relax_sym,0.3638318374429574
59,RC4_20_mini_nm_00155_1.6_31_0001_0045_hb_0002_designed_relax_sym,0.49544460007711427
60,RC4_20_mini_nm_00140_1.6_31_0001_0004_hb_0001_designed_relax_sym,0.46427508432216363
61,RC4_20_mini_nm_00228_1.6_31_0001_0060_hb_0002_designed_relax_sym,0.4310260025806414
62,RC4_20_mini_nm_00099_1.6_31_0001_0058_hb_0002_designed_relax_sym,0.4015535178224114
63,RC4_20_mini_nm_00199_1.6_31_0001_0009_hb_0002_designed_relax_sym,0.4419755772131127
64,RC4_20_mini_nm_00147_1.6_31_0001_0001_hb_0001_designed_relax_sym,0.398091931776525
65,RC4_20_mini_nm_00162_1.6_31_0001_0042_hb_0005_designed_relax_sym,0.4059998980597455
66,RC4_20_mini_nm_00039_1.6_31_0001_0047_hb_0001_designed_relax_sym,0.3905640077934514
67,RC4_20_mini_nm_00068_1.6_31_0001_0044_hb_0002_designed_relax_sym,0.4078081552853359
68,RC4_20_mini_nm_00085_1.6_31_0001_0013_hb_0002_designed_relax_sym,0.3262628201583936
69,RC4_20_mini_nm_00238_1.6_31_0001_0058_hb_designed_relax_sym,0.4504231247134091
70,RC4_20_mini_nm_00162_1.6_31_0001_0059_hb_0003_designed_relax_sym,0.3648376922507467
71,RC4_20_mini_nm_00198_1.6_31_0001_0060_hb_0001_designed_relax_sym,0.4138129820319602
72,RC4_20_mini_nm_00155_1.6_31_0001_0056_hb_0005_designed_relax_sym,0.4667103005507401
73,RC4_20_mini_nm_00235_1.6_31_0001_0042_hb_0001_designed_relax_sym,0.4102240019458051
74,RC4_20_mini_nm_00122_1.6_31_0001_0024_hb_0003_designed_relax_sym,0.37590240838486577
75,RC4_20_mini_nm_00125_1.6_31_0001_0031_hb_0003_designed_relax_sym,0.44483630653282125
76,RC4_20_mini_nm_00052_1.6_31_0001_0039_hb_0002_designed_relax_sym,0.39930039211410323
77,RC4_20_mini_nm_00173_1.6_31_0001_0056_hb_0001_designed_relax_sym,0.3497298748188945
78,RC4_20_mini_nm_00172_1.6_31_0001_0002_hb_designed_relax_sym,0.3481026149908893
79,RC4_20_mini_nm_00122_1.6_31_0001_0055_hb_0002_designed_relax_sym,0.42334022523901094
80,RC4_20_mini_nm_00182_1.6_31_0001_0054_hb_designed_relax_sym,0.36554546081176
81,RC4_20_mini_nm_00038_1.6_31_0001_0047_hb_0002_designed_relax_sym,0.3428038440505494
82,RC4_20_mini_nm_00136_1.6_31_0001_0030_hb_designed_relax_sym,0.40705775226456553
83,RC4_20_mini_nm_00008_1.6_31_0001_0032_hb_0001_designed_relax_sym,0.41258952822148925
84,RC4_20_mini_nm_00121_1.6_31_0001_0036_hb_0003_designed_relax_sym,0.47796119101484347
85,RC4_20_mini_nm_00240_1.6_31_0001_0050_hb_0002_designed_relax_sym,0.4131392558328896
86,RC4_20_mini_nm_00144_1.6_31_0001_0042_hb_0001_designed_relax_sym,0.3929613243818225
87,RC4_20_mini_nm_00196_1.6_31_0001_0041_hb_designed_relax_sym,0.3637055002799833
88,RC4_20_mini_nm_00053_1.6_31_0001_0020_hb_designed_relax_sym,0.3647941583089136
89,RC4_20_mini_nm_00134_1.6_31_0001_0017_hb_0003_designed_relax_sym,0.37287578830108786
90,RC4_20_mini_nm_00236_1.6_31_0001_0030_hb_0002_designed_relax_sym,0.390162967403554
91,RC4_20_mini_nm_00125_1.6_31_0001_0048_hb_designed_relax_sym,0.44332081033630494
92,RC4_20_mini_nm_00005_1.6_31_0001_0025_hb_0006_designed_relax_sym,0.4268583817110527
93,RC4_20_mini_nm_00050_1.6_31_0001_0024_hb_0007_designed_relax_sym,0.4549492873786044
94,RC4_20_mini_nm_00206_1.6_31_0001_0014_hb_0001_designed_relax_sym,0.38092152876578883
95,RC4_20_mini_nm_00190_1.6_31_0001_0053_hb_0003_designed_relax_sym,0.3538810007382196
96,RC4_20_mini_nm_00208_1.6_31_0001_0018_hb_designed_relax_sym,0.42883134372365905
97,RC4_20_mini_nm_00131_1.6_31_0001_0036_hb_0004_designed_relax_sym,0.3501199674397609
98,RC4_20_mini_nm_00047_1.6_31_0001_0052_hb_designed_relax_sym,0.46508261847127746
99,RC4_20_mini_nm_00225_1.6_31_0001_0028_hb_0001_designed_relax_sym,0.6135379330412392
100,RC4_20_mini_nm_00093_1.6_31_0001_0049_hb_0002_designed_relax_sym,0.3621824177506518
101,RC4_20_mini_nm_00111_1.6_31_0001_0003_hb_0002_designed_relax_sym,0.37151682659997953
102,RC4_20_mini_nm_00161_1.6_31_0001_0036_hb_0003_designed_relax_sym,0.42264527299010546
103,RC4_20_mini_nm_00042_1.6_31_0001_0062_hb_designed_relax_sym,0.35705630175608905
104,RC4_20_mini_nm_00070_1.6_31_0001_0011_hb_0001_designed_relax_sym,0.4028463247391486
105,RC4_20_mini_nm_00020_1.6_31_0001_0058_hb_designed_relax_sym,0.40168978427040447
106,RC4_20_mini_nm_00048_1.6_31_0001_0032_hb_0001_designed_relax_sym,0.35670791594170537
107,RC4_20_mini_nm_00013_1.6_31_0001_0001_hb_0001_designed_relax_sym,0.35531062192299384
108,RC4_20_mini_nm_00176_1.6_31_0001_0034_hb_0003_designed_relax_sym,0.44238476997538945
109,RC4_20_mini_nm_00048_1.6_31_0001_0017_hb_0002_designed_relax_sym,0.400983718752386
110,RC4_20_mini_nm_00227_1.6_31_0001_0050_hb_0005_designed_relax_sym,0.3964181690992707
111,RC4_20_mini_nm_00116_1.6_31_0001_0047_hb_0002_designed_relax_sym,0.3613015774305122
112,RC4_20_mini_nm_00019_1.6_31_0001_0014_hb_0001_designed_relax_sym,0.5258698595686925
113,RC4_20_mini_nm_00063_1.6_31_0001_0009_hb_0002_designed_relax_sym,0.430915541601588
114,RC4_20_mini_nm_00056_1.6_31_0001_0010_hb_designed_relax_sym,0.3898461734141058
115,RC4_20_mini_nm_00167_1.6_31_0001_0052_hb_0001_designed_relax_sym,0.4047439673628956
116,RC4_20_mini_nm_00136_1.6_31_0001_0006_hb_0006_designed_relax_sym,0.4114766659272865
117,RC4_20_mini_nm_00018_1.6_31_0001_0029_hb_0001_designed_relax_sym,0.3699700035491693
118,RC4_20_mini_nm_00193_1.6_31_0001_0006_hb_designed_relax_sym,0.4474909346349227
119,RC4_20_mini_nm_00145_1.6_31_0001_0016_hb_designed_relax_sym,0.4345804818460158
120,RC4_20_mini_nm_00227_1.6_31_0001_0007_hb_0001_designed_relax_sym,0.4426663530562177
121,RC4_20_mini_nm_00108_1.6_31_0001_0013_hb_0003_designed_relax_sym,0.4791429527398383
122,RC4_20_mini_nm_00210_1.6_31_0001_0006_hb_designed_relax_sym,0.4530732838515323
123,RC4_20_mini_nm_00232_1.6_31_0001_0001_hb_designed_relax_sym,0.4041118739655622
124,RC4_20_mini_nm_00026_1.6_31_0001_0024_hb_0005_designed_relax_sym,0.41271999051136565
125,RC4_20_mini_nm_00026_1.6_31_0001_0027_hb_0002_designed_relax_sym,0.38113551311982197
126,RC4_20_mini_nm_00189_1.6_31_0001_0032_hb_designed_relax_sym,0.3657880958706069
127,RC4_20_mini_nm_00074_1.6_31_0001_0033_hb_0003_designed_relax_sym,0.5037879908410753
128,RC4_20_mini_nm_00042_1.6_31_0001_0015_hb_designed_relax_sym,0.41710253743711934
129,RC4_20_mini_nm_00095_1.6_31_0001_0044_hb_0001_designed_relax_sym,0.38902088544052676
130,RC4_20_mini_nm_00227_1.6_31_0001_0056_hb_0001_designed_relax_sym,0.43258992837798493
131,RC4_20_mini_nm_00034_1.6_31_0001_0061_hb_designed_relax_sym,0.4049519427366352
132,RC4_20_mini_nm_00170_1.6_31_0001_0019_hb_0001_designed_relax_sym,0.34964523316757345
133,RC4_20_mini_nm_00028_1.6_31_0001_0036_hb_0005_designed_relax_sym,0.4378983134947329
134,RC4_20_mini_nm_00182_1.6_31_0001_0044_hb_designed_relax_sym,0.4185862240035644
135,RC4_20_mini_nm_00155_1.6_31_0001_0008_hb_0002_designed_relax_sym,0.3433628759443427
136,RC4_20_mini_nm_00048_1.6_31_0001_0017_hb_0003_designed_relax_sym,0.3985317901108437
137,RC4_20_mini_nm_00178_1.6_31_0001_0006_hb_0003_designed_relax_sym,0.41931324658878255
138,RC4_20_mini_nm_00176_1.6_31_0001_0034_hb_0002_designed_relax_sym,0.35396429881065855
139,RC4_20_mini_nm_00141_1.6_31_0001_0054_hb_0001_designed_relax_sym,0.39607618559336477
140,RC4_20_mini_nm_00205_1.6_31_0001_0005_hb_0007_designed_relax_sym,0.4382794798462254
141,RC4_20_mini_nm_00076_1.6_31_0001_0024_hb_0002_designed_relax_sym,0.41378962252686446
142,RC4_20_mini_nm_00044_1.6_31_0001_0035_hb_designed_relax_sym,0.3786090485670985
143,RC4_20_mini_nm_00178_1.6_31_0001_0005_hb_0004_designed_relax_sym,0.38437873892536073
144,RC4_20_mini_nm_00197_1.6_31_0001_0037_hb_0003_designed_relax_sym,0.40788773531109546
145,RC4_20_mini_nm_00110_1.6_31_0001_0014_hb_designed_relax_sym,0.3271957721245039
146,RC4_20_mini_nm_00051_1.6_31_0001_0002_hb_0001_designed_relax_sym,0.35401746479211516
147,RC4_20_mini_nm_00079_1.6_31_0001_0021_hb_0006_designed_relax_sym,0.38029824755223035
148,RC4_20_mini_nm_00243_1.6_31_0001_0010_hb_0004_designed_relax_sym,0.3387096941995103
149,RC4_20_mini_nm_00100_1.6_31_0001_0020_hb_0001_designed_relax_sym,0.3588553176353718
150,RC4_20_mini_nm_00114_1.6_31_0001_0032_hb_designed_relax_sym,0.44746740183267064
151,RC4_20_mini_nm_00084_1.6_31_0001_0062_hb_0001_designed_relax_sym,0.38451046035752634
152,RC4_20_mini_nm_00176_1.6_31_0001_0008_hb_designed_relax_sym,0.41640916552433493
153,RC4_20_mini_nm_00049_1.6_31_0001_0038_hb_designed_relax_sym,0.4279913004177863
154,RC4_20_mini_nm_00021_1.6_31_0001_0057_hb_0003_designed_relax_sym,0.39544201741766816
155,RC4_20_mini_nm_00027_1.6_31_0001_0016_hb_0002_designed_relax_sym,0.3286672052934963
156,RC4_20_mini_nm_00161_1.6_31_0001_0022_hb_0002_designed_relax_sym,0.4412517211225318
157,RC4_20_mini_nm_00165_1.6_31_0001_0017_hb_designed_relax_sym,0.36185417432661415
158,RC4_20_mini_nm_00216_1.6_31_0001_0037_hb_0001_designed_relax_sym,0.4168590770087652
159,RC4_20_mini_nm_00224_1.6_31_0001_0007_hb_designed_relax_sym,0.35762554160878945
160,RC4_20_mini_nm_00229_1.6_31_0001_0050_hb_0001_designed_relax_sym,0.3908357219777133
161,RC4_20_mini_nm_00022_1.6_31_0001_0011_hb_0001_designed_relax_sym,0.4014846192836988
162,RC4_20_mini_nm_00199_1.6_31_0001_0009_hb_0003_designed_relax_sym,0.45156965345598266
163,RC4_20_mini_nm_00238_1.6_31_0001_0047_hb_0002_designed_relax_sym,0.40749292454023855
164,RC4_20_mini_nm_00167_1.6_31_0001_0043_hb_0002_designed_relax_sym,0.4248021355810055
165,RC4_20_mini_nm_00249_1.6_31_0001_0025_hb_0005_designed_relax_sym,0.4648242007393849
166,RC4_20_mini_nm_00238_1.6_31_0001_0013_hb_designed_relax_sym,0.4003607113866923
167,RC4_20_mini_nm_00228_1.6_31_0001_0052_hb_designed_relax_sym,0.37406960931496475
168,RC4_20_mini_nm_00000_1.6_31_0001_0042_hb_0007_designed_relax_sym,0.46074557837897906
169,RC4_20_mini_nm_00228_1.6_31_0001_0020_hb_designed_relax_sym,0.41453388614589587
170,RC4_20_mini_nm_00244_1.6_31_0001_0003_hb_0001_designed_relax_sym,0.5263391491123355
171,RC4_20_mini_nm_00148_1.6_31_0001_0055_hb_designed_relax_sym,0.4362734395766112
172,RC4_20_mini_nm_00088_1.6_31_0001_0055_hb_0013_designed_relax_sym,0.4176273856834705
173,RC4_20_mini_nm_00238_1.6_31_0001_0033_hb_0001_designed_relax_sym,0.3413700909027496
174,RC4_20_mini_nm_00118_1.6_31_0001_0010_hb_0003_designed_relax_sym,0.3995503041864615
175,RC4_20_mini_nm_00059_1.6_31_0001_0021_hb_designed_relax_sym,0.39636349566474305
176,RC4_20_mini_nm_00180_1.6_31_0001_0058_hb_0003_designed_relax_sym,0.4076066631638862
177,RC4_20_mini_nm_00190_1.6_31_0001_0023_hb_0001_designed_relax_sym,0.4649183922115776
178,RC4_20_mini_nm_00050_1.6_31_0001_0023_hb_0001_designed_relax_sym,0.39175512517665734
179,RC4_20_mini_nm_00161_1.6_31_0001_0032_hb_designed_relax_sym,0.35159430937185365
180,RC4_20_mini_nm_00040_1.6_31_0001_0040_hb_0002_designed_relax_sym,0.3799833721624931
181,RC4_20_mini_nm_00195_1.6_31_0001_0024_hb_0002_designed_relax_sym,0.3736586251536388
182,RC4_20_mini_nm_00165_1.6_31_0001_0010_hb_0001_designed_relax_sym,0.49933118339525545
183,RC4_20_mini_nm_00048_1.6_31_0001_0047_hb_0001_designed_relax_sym,0.36876011518346224
184,RC4_20_mini_nm_00036_1.6_31_0001_0037_hb_0005_designed_relax_sym,0.5329883539963066
185,RC4_20_mini_nm_00196_1.6_31_0001_0009_hb_designed_relax_sym,0.37315877506350137
186,RC4_20_mini_nm_00076_1.6_31_0001_0003_hb_0004_designed_relax_sym,0.37919774440960813
187,RC4_20_mini_nm_00162_1.6_31_0001_0022_hb_designed_relax_sym,0.3942408207769878
188,RC4_20_mini_nm_00249_1.6_31_0001_0010_hb_0006_designed_relax_sym,0.43464594690357283
189,RC4_20_mini_nm_00011_1.6_31_0001_0037_hb_0002_designed_relax_sym,0.40696286100031626
190,RC4_20_mini_nm_00079_1.6_31_0001_0017_hb_0002_designed_relax_sym,0.4427331142043347
191,RC4_20_mini_nm_00193_1.6_31_0001_0014_hb_0002_designed_relax_sym,0.40476580147579844
192,RC4_20_mini_nm_00069_1.6_31_0001_0003_hb_0005_designed_relax_sym,0.4019089165376342
193,RC4_20_mini_nm_00072_1.6_31_0001_0007_hb_0003_designed_relax_sym,0.34678093229673235
194,RC4_20_mini_nm_00151_1.6_31_0001_0062_hb_0002_designed_relax_sym,0.4355047462114751
195,RC4_20_mini_nm_00057_1.6_31_0001_0061_hb_0004_designed_relax_sym,0.4106075762965137
196,RC4_20_mini_nm_00134_1.6_31_0001_0033_hb_0003_designed_relax_sym,0.4135506685020109
197,RC4_20_mini_nm_00193_1.6_31_0001_0039_hb_designed_relax_sym,0.36363440243137496
198,RC4_20_mini_nm_00056_1.6_31_0001_0042_hb_0001_designed_relax_sym,0.47374213401048937
199,RC4_20_mini_nm_00156_1.6_31_0001_0026_hb_0002_designed_relax_sym,0.5020216265169029
200,RC4_20_mini_nm_00020_1.6_31_0001_0062_hb_designed_relax_sym,0.40797436080948507
201,RC4_20_mini_nm_00142_1.6_31_0001_0044_hb_designed_relax_sym,0.3751596709882349
202,RC4_20_mini_nm_00054_1.6_31_0001_0050_hb_0002_designed_relax_sym,0.3634032985132057
203,RC4_20_mini_nm_00228_1.6_31_0001_0036_hb_designed_relax_sym,0.392393105294658
204,RC4_20_mini_nm_00018_1.6_31_0001_0028_hb_0003_designed_relax_sym,0.3990013175473488
205,RC4_20_mini_nm_00095_1.6_31_0001_0049_hb_0002_designed_relax_sym,0.4023273371805939
206,RC4_20_mini_nm_00127_1.6_31_0001_0035_hb_0018_designed_relax_sym,0.4365658274778556
207,RC4_20_mini_nm_00135_1.6_31_0001_0007_hb_0001_designed_relax_sym,0.4283904555964567
208,RC4_20_mini_nm_00099_1.6_31_0001_0045_hb_designed_relax_sym,0.45571450913126715
209,RC4_20_mini_nm_00154_1.6_31_0001_0054_hb_0002_designed_relax_sym,0.36219393650445164
210,RC4_20_mini_nm_00214_1.6_31_0001_0039_hb_0003_designed_relax_sym,0.44228058899613415
211,RC4_20_mini_nm_00171_1.6_31_0001_0060_hb_0002_designed_relax_sym,0.44797929830539096
212,RC4_20_mini_nm_00022_1.6_31_0001_0044_hb_0001_designed_relax_sym,0.3954879657513015
213,RC4_20_mini_nm_00037_1.6_31_0001_0020_hb_0001_designed_relax_sym,0.41952914803633085
214,RC4_20_mini_nm_00137_1.6_31_0001_0044_hb_0002_designed_relax_sym,0.3622062514873169
215,RC4_20_mini_nm_00070_1.6_31_0001_0045_hb_designed_relax_sym,0.3469985549543686
216,RC4_20_mini_nm_00219_1.6_31_0001_0055_hb_0001_designed_relax_sym,0.485611002798148
217,RC4_20_mini_nm_00071_1.6_31_0001_0034_hb_designed_relax_sym,0.35068481720463324
218,RC4_20_mini_nm_00194_1.6_31_0001_0042_hb_0007_designed_relax_sym,0.3508973853741741
219,RC4_20_mini_nm_00199_1.6_31_0001_0008_hb_0001_designed_relax_sym,0.4065929893033601
220,RC4_20_mini_nm_00202_1.6_31_0001_0020_hb_0006_designed_relax_sym,0.4062952146750914
221,RC4_20_mini_nm_00021_1.6_31_0001_0006_hb_designed_relax_sym,0.4438372124480583
222,RC4_20_mini_nm_00037_1.6_31_0001_0003_hb_0007_designed_relax_sym,0.4021996410338485
223,RC4_20_mini_nm_00216_1.6_31_0001_0030_hb_designed_relax_sym,0.3712443948921385
224,RC4_20_mini_nm_00097_1.6_31_0001_0046_hb_0002_designed_relax_sym,0.4515419249647358
225,RC4_20_mini_nm_00136_1.6_31_0001_0036_hb_designed_relax_sym,0.38739778721163465
226,RC4_20_mini_nm_00249_1.6_31_0001_0022_hb_0002_designed_relax_sym,0.35633247381220473
227,RC4_20_mini_nm_00127_1.6_31_0001_0022_hb_0003_designed_relax_sym,0.4179762968408691
228,RC4_20_mini_nm_00064_1.6_31_0001_0009_hb_0001_designed_relax_sym,0.3991020839554832
229,RC4_20_mini_nm_00175_1.6_31_0001_0013_hb_0001_designed_relax_sym,0.38159199332370713
230,RC4_20_mini_nm_00092_1.6_31_0001_0033_hb_designed_relax_sym,0.3653470141755762
231,RC4_20_mini_nm_00169_1.6_31_0001_0005_hb_designed_relax_sym,0.3569993522937681
232,RC4_20_mini_nm_00232_1.6_31_0001_0030_hb_0006_designed_relax_sym,0.4291419243537143
233,RC4_20_mini_nm_00134_1.6_31_0001_0062_hb_0001_designed_relax_sym,0.42178495059234705
234,RC4_20_mini_nm_00086_1.6_31_0001_0036_hb_0029_designed_relax_sym,0.3780659156554836
235,RC4_20_mini_nm_00090_1.6_31_0001_0036_hb_0001_designed_relax_sym,0.38028000417462626
236,RC4_20_mini_nm_00179_1.6_31_0001_0044_hb_designed_relax_sym,0.3950262750902244
237,RC4_20_mini_nm_00133_1.6_31_0001_0052_hb_0002_designed_relax_sym,0.3823788361808533
238,RC4_20_mini_nm_00042_1.6_31_0001_0023_hb_0002_designed_relax_sym,0.3718464981158225
239,RC4_20_mini_nm_00184_1.6_31_0001_0044_hb_designed_relax_sym,0.3762268095014086
240,RC4_20_mini_nm_00001_1.6_31_0001_0056_hb_designed_relax_sym,0.378066418583467
241,RC4_20_mini_nm_00155_1.6_31_0001_0045_hb_0001_designed_relax_sym,0.440445398951337
242,RC4_20_mini_nm_00099_1.6_31_0001_0058_hb_0001_designed_relax_sym,0.4349504006739349
243,RC4_20_mini_nm_00105_1.6_31_0001_0017_hb_0001_designed_relax_sym,0.38975430266191324
244,RC4_20_mini_nm_00109_1.6_31_0001_0010_hb_designed_relax_sym,0.38837951233377754
245,RC4_20_mini_nm_00183_1.6_31_0001_0006_hb_0002_designed_relax_sym,0.367081426608422
246,RC4_20_mini_nm_00108_1.6_31_0001_0032_hb_0002_designed_relax_sym,0.37710214668368797
247,RC4_20_mini_nm_00112_1.6_31_0001_0061_hb_0002_designed_relax_sym,0.38993909744578986
248,RC4_20_mini_nm_00125_1.6_31_0001_0024_hb_0002_designed_relax_sym,0.4354488507250105
249,RC4_20_mini_nm_00225_1.6_31_0001_0058_hb_0001_designed_relax_sym,0.388340768125005
250,RC4_20_mini_nm_00026_1.6_31_0001_0054_hb_0004_designed_relax_sym,0.40568229904729813
251,RC4_20_mini_nm_00074_1.6_31_0001_0012_hb_0002_designed_relax_sym,0.3871219136326027
252,RC4_20_mini_nm_00035_1.6_31_0001_0057_hb_0001_designed_relax_sym,0.4011492950862177
253,RC4_20_mini_nm_00040_1.6_31_0001_0026_hb_designed_relax_sym,0.35733874232307866
254,RC4_20_mini_nm_00162_1.6_31_0001_0038_hb_0001_designed_relax_sym,0.3486571847401037
255,RC4_20_mini_nm_00075_1.6_31_0001_0043_hb_designed_relax_sym,0.40550123670378707
256,RC4_20_mini_nm_00029_1.6_31_0001_0031_hb_0003_designed_relax_sym,0.43766054435217344
257,RC4_20_mini_nm_00118_1.6_31_0001_0025_hb_0002_designed_relax_sym,0.47815724984795743
258,RC4_20_mini_nm_00203_1.6_31_0001_0026_hb_0002_designed_relax_sym,0.396921563510672
259,RC4_20_mini_nm_00013_1.6_31_0001_0011_hb_designed_relax_sym,0.4233762274259043
260,RC4_20_mini_nm_00088_1.6_31_0001_0018_hb_designed_relax_sym,0.40651303609135786
261,RC4_20_mini_nm_00150_1.6_31_0001_0052_hb_designed_relax_sym,0.32875026108745314
262,RC4_20_mini_nm_00244_1.6_31_0001_0056_hb_0003_designed_relax_sym,0.3721518990005456
263,RC4_20_mini_nm_00095_1.6_31_0001_0005_hb_0003_designed_relax_sym,0.42130578787803463
264,RC4_20_mini_nm_00064_1.6_31_0001_0009_hb_0003_designed_relax_sym,0.37816890261474406
265,RC4_20_mini_nm_00196_1.6_31_0001_0003_hb_designed_relax_sym,0.41723712277749314
266,RC4_20_mini_nm_00213_1.6_31_0001_0060_hb_0002_designed_relax_sym,0.4194142570439479
267,RC4_20_mini_nm_00206_1.6_31_0001_0021_hb_0001_designed_relax_sym,0.37199183921099854
268,RC4_20_mini_nm_00183_1.6_31_0001_0037_hb_0001_designed_relax_sym,0.42070928815852787
269,RC4_20_mini_nm_00080_1.6_31_0001_0028_hb_0002_designed_relax_sym,0.40936066502299767
270,RC4_20_mini_nm_00045_1.6_31_0001_0001_hb_0004_designed_relax_sym,0.438233610753955
271,RC4_20_mini_nm_00197_1.6_31_0001_0053_hb_0002_designed_relax_sym,0.42099755277444395
272,RC4_20_mini_nm_00157_1.6_31_0001_0012_hb_0002_designed_relax_sym,0.38202193310492033
273,RC4_20_mini_nm_00156_1.6_31_0001_0045_hb_0004_designed_relax_sym,0.41269530662294196
274,RC4_20_mini_nm_00083_1.6_31_0001_0052_hb_designed_relax_sym,0.35595672316827737
275,RC4_20_mini_nm_00103_1.6_31_0001_0033_hb_0001_designed_relax_sym,0.44697046939260976
276,RC4_20_mini_nm_00113_1.6_31_0001_0048_hb_0003_designed_relax_sym,0.3722982957177829
277,RC4_20_mini_nm_00021_1.6_31_0001_0053_hb_0001_designed_relax_sym,0.39079855250894985
278,RC4_20_mini_nm_00118_1.6_31_0001_0047_hb_designed_relax_sym,0.4397894178521241
279,RC4_20_mini_nm_00070_1.6_31_0001_0001_hb_0002_designed_relax_sym,0.45916493633739003
280,RC4_20_mini_nm_00040_1.6_31_0001_0051_hb_0002_designed_relax_sym,0.3441027501333457
281,RC4_20_mini_nm_00207_1.6_31_0001_0051_hb_designed_relax_sym,0.3585005537914097
282,RC4_20_mini_nm_00169_1.6_31_0001_0021_hb_0003_designed_relax_sym,0.4092366581636343
283,RC4_20_mini_nm_00075_1.6_31_0001_0033_hb_0002_designed_relax_sym,0.4067370676604323
284,RC4_20_mini_nm_00192_1.6_31_0001_0054_hb_designed_relax_sym,0.4241368650072428
285,RC4_20_mini_nm_00178_1.6_31_0001_0057_hb_0001_designed_relax_sym,0.4760284941513064
286,RC4_20_mini_nm_00139_1.6_31_0001_0012_hb_0002_designed_relax_sym,0.341448784690148
287,RC4_20_mini_nm_00013_1.6_31_0001_0001_hb_0002_designed_relax_sym,0.3735854921139155
288,RC4_20_mini_nm_00155_1.6_31_0001_0010_hb_0001_designed_relax_sym,0.4039914666049118
289,RC4_20_mini_nm_00022_1.6_31_0001_0054_hb_0003_designed_relax_sym,0.4553840968891587
290,RC4_20_mini_nm_00224_1.6_31_0001_0043_hb_designed_relax_sym,0.3841184062805814
291,RC4_20_mini_nm_00243_1.6_31_0001_0056_hb_0001_designed_relax_sym,0.4115418214811772
292,RC4_20_mini_nm_00091_1.6_31_0001_0058_hb_designed_relax_sym,0.4761788110552788
293,RC4_20_mini_nm_00122_1.6_31_0001_0003_hb_designed_relax_sym,0.3881784542459962
294,RC4_20_mini_nm_00116_1.6_31_0001_0047_hb_0001_designed_relax_sym,0.345418310734054
295,RC4_20_mini_nm_00166_1.6_31_0001_0057_hb_0003_designed_relax_sym,0.42989793723495734
296,RC4_20_mini_nm_00170_1.6_31_0001_0019_hb_0003_designed_relax_sym,0.3456602077331995
297,RC4_20_mini_nm_00035_1.6_31_0001_0007_hb_0003_designed_relax_sym,0.4349842747156087
298,RC4_20_mini_nm_00225_1.6_31_0001_0032_hb_designed_relax_sym,0.41780911478719457
299,RC4_20_mini_nm_00173_1.6_31_0001_0008_hb_0004_designed_relax_sym,0.41717892361482034
300,RC4_20_mini_nm_00077_1.6_31_0001_0024_hb_0003_designed_relax_sym,0.37977154338601077
301,RC4_20_mini_nm_00141_1.6_31_0001_0048_hb_designed_relax_sym,0.48264644122950295
302,RC4_20_mini_nm_00226_1.6_31_0001_0050_hb_designed_relax_sym,0.4003207217440981
303,RC4_20_mini_nm_00010_1.6_31_0001_0042_hb_0002_designed_relax_sym,0.371272941758303
304,RC4_20_mini_nm_00236_1.6_31_0001_0030_hb_0001_designed_relax_sym,0.3573723199590603
305,RC4_20_mini_nm_00173_1.6_31_0001_0042_hb_0002_designed_relax_sym,0.47724713783719663
306,RC4_20_mini_nm_00247_1.6_31_0001_0051_hb_0001_designed_relax_sym,0.3888841559880137
307,RC4_20_mini_nm_00152_1.6_31_0001_0018_hb_0002_designed_relax_sym,0.3476998570396293
308,RC4_20_mini_nm_00164_1.6_31_0001_0050_hb_designed_relax_sym,0.4377240286841864
309,RC4_20_mini_nm_00073_1.6_31_0001_0018_hb_0004_designed_relax_sym,0.33732430110459266
310,RC4_20_mini_nm_00212_1.6_31_0001_0030_hb_0003_designed_relax_sym,0.37558259286816087
311,RC4_20_mini_nm_00137_1.6_31_0001_0057_hb_0010_designed_relax_sym,0.47673869931014257
312,RC4_20_mini_nm_00108_1.6_31_0001_0005_hb_designed_relax_sym,0.3611416229874621
313,RC4_20_mini_nm_00088_1.6_31_0001_0055_hb_0011_designed_relax_sym,0.3500294059592375
314,RC4_20_mini_nm_00083_1.6_31_0001_0051_hb_designed_relax_sym,0.48070935909956225
315,RC4_20_mini_nm_00152_1.6_31_0001_0045_hb_0003_designed_relax_sym,0.3956988918425931
316,RC4_20_mini_nm_00022_1.6_31_0001_0014_hb_0001_designed_relax_sym,0.35698397033014595
317,RC4_20_mini_nm_00123_1.6_31_0001_0029_hb_designed_relax_sym,0.4458390851922193
318,RC4_20_mini_nm_00068_1.6_31_0001_0059_hb_0002_designed_relax_sym,0.4034356329416262
319,RC4_20_mini_nm_00194_1.6_31_0001_0014_hb_0002_designed_relax_sym,0.4192084669910779
320,RC4_20_mini_nm_00137_1.6_31_0001_0029_hb_designed_relax_sym,0.4035169504738478
321,RC4_20_mini_nm_00025_1.6_31_0001_0001_hb_0001_designed_relax_sym,0.32122582954776135
322,RC4_20_mini_nm_00108_1.6_31_0001_0056_hb_0001_designed_relax_sym,0.35784771021974526
323,RC4_20_mini_nm_00077_1.6_31_0001_0034_hb_designed_relax_sym,0.42347227553458544
324,RC4_20_mini_nm_00164_1.6_31_0001_0045_hb_designed_relax_sym,0.4075060140553517
325,RC4_20_mini_nm_00203_1.6_31_0001_0051_hb_0023_designed_relax_sym,0.46632344343281423
326,RC4_20_mini_nm_00120_1.6_31_0001_0033_hb_0001_designed_relax_sym,0.3754988135649994
327,RC4_20_mini_nm_00146_1.6_31_0001_0042_hb_designed_relax_sym,0.48500817446170497
328,RC4_20_mini_nm_00044_1.6_31_0001_0003_hb_0002_designed_relax_sym,0.461778373531087
329,RC4_20_mini_nm_00052_1.6_31_0001_0010_hb_designed_relax_sym,0.3999547390032517
330,RC4_20_mini_nm_00070_1.6_31_0001_0049_hb_0001_designed_relax_sym,0.4272555770188913
331,RC4_20_mini_nm_00148_1.6_31_0001_0036_hb_0002_designed_relax_sym,0.4795842708800138
332,RC4_20_mini_nm_00165_1.6_31_0001_0005_hb_0001_designed_relax_sym,0.3846493227763642
333,RC4_20_mini_nm_00239_1.6_31_0001_0055_hb_0011_designed_relax_sym,0.36818283584323835
334,RC4_20_mini_nm_00224_1.6_31_0001_0024_hb_designed_relax_sym,0.3946985549158969
335,RC4_20_mini_nm_00167_1.6_31_0001_0017_hb_0009_designed_relax_sym,0.37766158577343917
336,RC4_20_mini_nm_00168_1.6_31_0001_0010_hb_designed_relax_sym,0.494591243073315
337,RC4_20_mini_nm_00006_1.6_31_0001_0005_hb_0001_designed_relax_sym,0.5924410826184551
338,RC4_20_mini_nm_00129_1.6_31_0001_0012_hb_0005_designed_relax_sym,0.37585257957735185
339,RC4_20_mini_nm_00111_1.6_31_0001_0017_hb_0001_designed_relax_sym,0.3928490334500546
340,RC4_20_mini_nm_00185_1.6_31_0001_0052_hb_0001_designed_relax_sym,0.4220841495238503
341,RC4_20_mini_nm_00200_1.6_31_0001_0044_hb_0001_designed_relax_sym,0.3694159241743695
342,RC4_20_mini_nm_00167_1.6_31_0001_0032_hb_0001_designed_relax_sym,0.5009179688737725
343,RC4_20_mini_nm_00121_1.6_31_0001_0047_hb_0001_designed_relax_sym,0.38201898357632696
344,RC4_20_mini_nm_00249_1.6_31_0001_0057_hb_0001_designed_relax_sym,0.33814309255514535
345,RC4_20_mini_nm_00172_1.6_31_0001_0007_hb_0001_designed_relax_sym,0.3911909801311158
346,RC4_20_mini_nm_00198_1.6_31_0001_0060_hb_0002_designed_relax_sym,0.40583879899232717
347,RC4_20_mini_nm_00238_1.6_31_0001_0008_hb_0004_designed_relax_sym,0.34552764949802683
348,RC4_20_mini_nm_00223_1.6_31_0001_0029_hb_0001_designed_relax_sym,0.4411810812768796
349,RC4_20_mini_nm_00086_1.6_31_0001_0036_hb_0011_designed_relax_sym,0.32257749321834395
350,RC4_20_mini_nm_00231_1.6_31_0001_0045_hb_0003_designed_relax_sym,0.4018961645913821
351,RC4_20_mini_nm_00011_1.6_31_0001_0002_hb_0002_designed_relax_sym,0.39581130159439065
352,RC4_20_mini_nm_00144_1.6_31_0001_0042_hb_0003_designed_relax_sym,0.5170907948501574
353,RC4_20_mini_nm_00021_1.6_31_0001_0018_hb_0004_designed_relax_sym,0.4780711658365957
354,RC4_20_mini_nm_00017_1.6_31_0001_0024_hb_designed_relax_sym,0.4192290663364533
355,RC4_20_mini_nm_00025_1.6_31_0001_0062_hb_designed_relax_sym,0.4262436050033599
356,RC4_20_mini_nm_00213_1.6_31_0001_0008_hb_0001_designed_relax_sym,0.3426757121892912
357,RC4_20_mini_nm_00244_1.6_31_0001_0003_hb_0002_designed_relax_sym,0.47562615948080705
358,RC4_20_mini_nm_00048_1.6_31_0001_0057_hb_0002_designed_relax_sym,0.33962201898803196
359,RC4_20_mini_nm_00088_1.6_31_0001_0055_hb_0010_designed_relax_sym,0.4230116313004437
360,RC4_20_mini_nm_00143_1.6_31_0001_0005_hb_designed_relax_sym,0.35951577167192766
361,RC4_20_mini_nm_00125_1.6_31_0001_0031_hb_0001_designed_relax_sym,0.3971851294004625
362,RC4_20_mini_nm_00100_1.6_31_0001_0020_hb_0002_designed_relax_sym,0.40695481251447746
363,RC4_20_mini_nm_00153_1.6_31_0001_0014_hb_0001_designed_relax_sym,0.3752844222730413
364,RC4_20_mini_nm_00024_1.6_31_0001_0048_hb_0002_designed_relax_sym,0.35867520263621105
365,RC4_20_mini_nm_00032_1.6_31_0001_0006_hb_0002_designed_relax_sym,0.4897063973827724
366,RC4_20_mini_nm_00128_1.6_31_0001_0014_hb_0002_designed_relax_sym,0.40189554666751826
367,RC4_20_mini_nm_00214_1.6_31_0001_0051_hb_0002_designed_relax_sym,0.35592198853831275
368,RC4_20_mini_nm_00177_1.6_31_0001_0011_hb_designed_relax_sym,0.37526590624832823
369,RC4_20_mini_nm_00115_1.6_31_0001_0017_hb_designed_relax_sym,0.45336722010645303
370,RC4_20_mini_nm_00247_1.6_31_0001_0024_hb_designed_relax_sym,0.3899068218832045
371,RC4_20_mini_nm_00039_1.6_31_0001_0004_hb_designed_relax_sym,0.41985785096417244
372,RC4_20_mini_nm_00055_1.6_31_0001_0036_hb_designed_relax_sym,0.37189058249150475
373,RC4_20_mini_nm_00109_1.6_31_0001_0021_hb_0007_designed_relax_sym,0.39138231414497765
374,RC4_20_mini_nm_00083_1.6_31_0001_0046_hb_0001_designed_relax_sym,0.40995105056434716
375,RC4_20_mini_nm_00035_1.6_31_0001_0007_hb_0002_designed_relax_sym,0.40477309175013504
376,RC4_20_mini_nm_00132_1.6_31_0001_0053_hb_0002_designed_relax_sym,0.3783677936154573
377,RC4_20_mini_nm_00068_1.6_31_0001_0024_hb_0003_designed_relax_sym,0.3986630770047217
378,RC4_20_mini_nm_00071_1.6_31_0001_0060_hb_0001_designed_relax_sym,0.36050998140668417
379,RC4_20_mini_nm_00146_1.6_31_0001_0020_hb_designed_relax_sym,0.41213146292784114
380,RC4_20_mini_nm_00176_1.6_31_0001_0034_hb_0001_designed_relax_sym,0.3973667576470893
381,RC4_20_mini_nm_00040_1.6_31_0001_0010_hb_0003_designed_relax_sym,0.3843065496108649
382,RC4_20_mini_nm_00086_1.6_31_0001_0036_hb_0006_designed_relax_sym,0.3652984375660665
383,RC4_20_mini_nm_00235_1.6_31_0001_0003_hb_0026_designed_relax_sym,0.3941720349753474
384,RC4_20_mini_nm_00177_1.6_31_0001_0038_hb_designed_relax_sym,0.42274127540051615
385,RC4_20_mini_nm_00021_1.6_31_0001_0058_hb_0006_designed_relax_sym,0.40188616140139233
386,RC4_20_mini_nm_00178_1.6_31_0001_0005_hb_0007_designed_relax_sym,0.3714171544906114
387,RC4_20_mini_nm_00005_1.6_31_0001_0011_hb_designed_relax_sym,0.4532570397618638
388,RC4_20_mini_nm_00070_1.6_31_0001_0007_hb_designed_relax_sym,0.4053482179924338
389,RC4_20_mini_nm_00094_1.6_31_0001_0022_hb_0010_designed_relax_sym,0.3261520433569219
390,RC4_20_mini_nm_00077_1.6_31_0001_0039_hb_0001_designed_relax_sym,0.4859573685935412
391,RC4_20_mini_nm_00164_1.6_31_0001_0029_hb_0003_designed_relax_sym,0.4203896472317163
392,RC4_20_mini_nm_00221_1.6_31_0001_0017_hb_0003_designed_relax_sym,0.3541995795868615
393,RC4_20_mini_nm_00190_1.6_31_0001_0053_hb_0001_designed_relax_sym,0.34318062966140567
394,RC4_20_mini_nm_00042_1.6_31_0001_0022_hb_0001_designed_relax_sym,0.46210736298549904
395,RC4_20_mini_nm_00005_1.6_31_0001_0025_hb_0004_designed_relax_sym,0.45559046885341586
396,RC4_20_mini_nm_00026_1.6_31_0001_0027_hb_0001_designed_relax_sym,0.3560411052057796
397,RC4_20_mini_nm_00190_1.6_31_0001_0027_hb_0002_designed_relax_sym,0.38496387612890115
398,RC4_20_mini_nm_00010_1.6_31_0001_0042_hb_0003_designed_relax_sym,0.3891933352264417
399,RC4_20_mini_nm_00238_1.6_31_0001_0002_hb_0001_designed_relax_sym,0.34092461041148736
400,RC4_20_mini_nm_00044_1.6_31_0001_0061_hb_designed_relax_sym,0.3977676335064336
401,RC4_20_mini_nm_00136_1.6_31_0001_0048_hb_designed_relax_sym,0.4148703643893083
402,RC4_20_mini_nm_00040_1.6_31_0001_0020_hb_designed_relax_sym,0.4135656030763347
403,RC4_20_mini_nm_00236_1.6_31_0001_0028_hb_0001_designed_relax_sym,0.42709229587563047
404,RC4_20_mini_nm_00087_1.6_31_0001_0058_hb_designed_relax_sym,0.42166097827738097
405,RC4_20_mini_nm_00064_1.6_31_0001_0058_hb_0002_designed_relax_sym,0.38859046296458594
406,RC4_20_mini_nm_00134_1.6_31_0001_0003_hb_designed_relax_sym,0.4078320990064975
407,RC4_20_mini_nm_00074_1.6_31_0001_0057_hb_0003_designed_relax_sym,0.4271757292035476
408,RC4_20_mini_nm_00230_1.6_31_0001_0061_hb_0001_designed_relax_sym,0.4074034589564236
409,RC4_20_mini_nm_00213_1.6_31_0001_0060_hb_0003_designed_relax_sym,0.39093237194090835
410,RC4_20_mini_nm_00167_1.6_31_0001_0047_hb_0001_designed_relax_sym,0.44104218909232423
411,RC4_20_mini_nm_00145_1.6_31_0001_0026_hb_designed_relax_sym,0.36814029065216275
412,RC4_20_mini_nm_00011_1.6_31_0001_0049_hb_designed_relax_sym,0.4647277244002395
413,RC4_20_mini_nm_00092_1.6_31_0001_0035_hb_0001_designed_relax_sym,0.406394834231099
414,RC4_20_mini_nm_00221_1.6_31_0001_0007_hb_0003_designed_relax_sym,0.4040108768376413
415,RC4_20_mini_nm_00178_1.6_31_0001_0013_hb_0002_designed_relax_sym,0.5035041028213141
416,RC4_20_mini_nm_00101_1.6_31_0001_0001_hb_0002_designed_relax_sym,0.35814562293419944
417,RC4_20_mini_nm_00086_1.6_31_0001_0015_hb_designed_relax_sym,0.4695525691562542
418,RC4_20_mini_nm_00115_1.6_31_0001_0052_hb_0010_designed_relax_sym,0.3513946199612845
419,RC4_20_mini_nm_00169_1.6_31_0001_0021_hb_0002_designed_relax_sym,0.45371168987407623
420,RC4_20_mini_nm_00095_1.6_31_0001_0049_hb_0001_designed_relax_sym,0.39900721960590263
421,RC4_20_mini_nm_00019_1.6_31_0001_0013_hb_designed_relax_sym,0.40142443954562973
422,RC4_20_mini_nm_00000_1.6_31_0001_0040_hb_0001_designed_relax_sym,0.4003222818447022
423,RC4_20_mini_nm_00063_1.6_31_0001_0001_hb_0001_designed_relax_sym,0.4046297518910461
424,RC4_20_mini_nm_00022_1.6_31_0001_0044_hb_0002_designed_relax_sym,0.38172153032475603
425,RC4_20_mini_nm_00028_1.6_31_0001_0051_hb_0009_designed_relax_sym,0.3630621477637653
426,RC4_20_mini_nm_00219_1.6_31_0001_0055_hb_0002_designed_relax_sym,0.5650506506179548
427,RC4_20_mini_nm_00149_1.6_31_0001_0043_hb_0001_designed_relax_sym,0.4592256009020669
428,RC4_20_mini_nm_00157_1.6_31_0001_0006_hb_designed_relax_sym,0.4617971494097193
429,RC4_20_mini_nm_00199_1.6_31_0001_0061_hb_0002_designed_relax_sym,0.44117023295253255
430,RC4_20_mini_nm_00149_1.6_31_0001_0006_hb_0001_designed_relax_sym,0.3636404131333397
431,RC4_20_mini_nm_00146_1.6_31_0001_0031_hb_0001_designed_relax_sym,0.43352515832760474
432,RC4_20_mini_nm_00122_1.6_31_0001_0040_hb_0002_designed_relax_sym,0.37011495208107753
433,RC4_20_mini_nm_00000_1.6_31_0001_0020_hb_0002_designed_relax_sym,0.41933796593702327
434,RC4_20_mini_nm_00193_1.6_31_0001_0014_hb_0001_designed_relax_sym,0.40053516394338695
435,RC4_20_mini_nm_00014_1.6_31_0001_0022_hb_designed_relax_sym,0.3750133728412733
436,RC4_20_mini_nm_00129_1.6_31_0001_0050_hb_0003_designed_relax_sym,0.37633897799355215
437,RC4_20_mini_nm_00077_1.6_31_0001_0018_hb_0002_designed_relax_sym,0.4147680494035068
438,RC4_20_mini_nm_00097_1.6_31_0001_0054_hb_0004_designed_relax_sym,0.5559039483272804
439,RC4_20_mini_nm_00081_1.6_31_0001_0051_hb_designed_relax_sym,0.35621898788919887
440,RC4_20_mini_nm_00056_1.6_31_0001_0042_hb_0002_designed_relax_sym,0.4508030423641621
441,RC4_20_mini_nm_00088_1.6_31_0001_0034_hb_designed_relax_sym,0.3862145404802821
442,RC4_20_mini_nm_00079_1.6_31_0001_0046_hb_0001_designed_relax_sym,0.3984615546391167
443,RC4_20_mini_nm_00054_1.6_31_0001_0050_hb_0001_designed_relax_sym,0.37465149963804717
444,RC4_20_mini_nm_00054_1.6_31_0001_0027_hb_0005_designed_relax_sym,0.3347149675329934
445,RC4_20_mini_nm_00029_1.6_31_0001_0031_hb_0002_designed_relax_sym,0.4045122737598774
446,RC4_20_mini_nm_00193_1.6_31_0001_0043_hb_0004_designed_relax_sym,0.38281396882592833
447,RC4_20_mini_nm_00200_1.6_31_0001_0049_hb_0003_designed_relax_sym,0.38854035881047183
448,RC4_20_mini_nm_00055_1.6_31_0001_0001_hb_0002_designed_relax_sym,0.5308977182894574
449,RC4_20_mini_nm_00249_1.6_31_0001_0008_hb_0004_designed_relax_sym,0.42523010796898353
450,RC4_20_mini_nm_00097_1.6_31_0001_0030_hb_designed_relax_sym,0.43669240046670327
451,RC4_20_mini_nm_00055_1.6_31_0001_0020_hb_designed_relax_sym,0.38340413264013445
452,RC4_20_mini_nm_00249_1.6_31_0001_0010_hb_0005_designed_relax_sym,0.43551111735067993
453,RC4_20_mini_nm_00131_1.6_31_0001_0042_hb_0001_designed_relax_sym,0.4259610286337756
454,RC4_20_mini_nm_00077_1.6_31_0001_0024_hb_0006_designed_relax_sym,0.4118340750838048
455,RC4_20_mini_nm_00186_1.6_31_0001_0054_hb_0004_designed_relax_sym,0.4296985676586478
456,RC4_20_mini_nm_00172_1.6_31_0001_0028_hb_0003_designed_relax_sym,0.5390397480234239
457,RC4_20_mini_nm_00048_1.6_31_0001_0034_hb_0002_designed_relax_sym,0.39916212379068766
458,RC4_20_mini_nm_00057_1.6_31_0001_0014_hb_0002_designed_relax_sym,0.43641912501608726
459,RC4_20_mini_nm_00184_1.6_31_0001_0060_hb_0003_designed_relax_sym,0.3574131785638855
460,RC4_20_mini_nm_00095_1.6_31_0001_0028_hb_designed_relax_sym,0.42092902333285487
461,RC4_20_mini_nm_00072_1.6_31_0001_0052_hb_designed_relax_sym,0.44916096256989857
462,RC4_20_mini_nm_00173_1.6_31_0001_0059_hb_0001_designed_relax_sym,0.3524474534039972
463,RC4_20_mini_nm_00055_1.6_31_0001_0023_hb_0002_designed_relax_sym,0.317047038023266
464,RC4_20_mini_nm_00127_1.6_31_0001_0002_hb_designed_relax_sym,0.4224077788563403
465,RC4_20_mini_nm_00201_1.6_31_0001_0022_hb_0001_designed_relax_sym,0.39035148225072985
466,RC4_20_mini_nm_00239_1.6_31_0001_0027_hb_0005_designed_relax_sym,0.34548610888038617
467,RC4_20_mini_nm_00222_1.6_31_0001_0020_hb_designed_relax_sym,0.41375136215080105
468,RC4_20_mini_nm_00017_1.6_31_0001_0018_hb_0003_designed_relax_sym,0.4204858172787121
469,RC4_20_mini_nm_00037_1.6_31_0001_0016_hb_0002_designed_relax_sym,0.3954692765597956
470,RC4_20_mini_nm_00067_1.6_31_0001_0008_hb_0001_designed_relax_sym,0.3280505471130408
471,RC4_20_mini_nm_00054_1.6_31_0001_0006_hb_0002_designed_relax_sym,0.3745893442460994
472,RC4_20_mini_nm_00092_1.6_31_0001_0005_hb_0004_designed_relax_sym,0.4625168943434375
473,RC4_20_mini_nm_00163_1.6_31_0001_0027_hb_0001_designed_relax_sym,0.38222075000394207
474,RC4_20_mini_nm_00155_1.6_31_0001_0042_hb_0003_designed_relax_sym,0.4261672170245949
475,RC4_20_mini_nm_00204_1.6_31_0001_0051_hb_0001_designed_relax_sym,0.4364695444444602
476,RC4_20_mini_nm_00157_1.6_31_0001_0048_hb_0001_designed_relax_sym,0.41266118584061157
477,RC4_20_mini_nm_00199_1.6_31_0001_0006_hb_0002_designed_relax_sym,0.38250652527218737
478,RC4_20_mini_nm_00059_1.6_31_0001_0023_hb_0001_designed_relax_sym,0.3675410684861322
479,RC4_20_mini_nm_00116_1.6_31_0001_0047_hb_0004_designed_relax_sym,0.3531199870374674
480,RC4_20_mini_nm_00203_1.6_31_0001_0051_hb_0031_designed_relax_sym,0.4916653166832871
481,RC4_20_mini_nm_00117_1.6_31_0001_0010_hb_0002_designed_relax_sym,0.395133933274908
482,RC4_20_mini_nm_00197_1.6_31_0001_0032_hb_designed_relax_sym,0.3957902730751106
483,RC4_20_mini_nm_00058_1.6_31_0001_0029_hb_0006_designed_relax_sym,0.42952922024775736
484,RC4_20_mini_nm_00162_1.6_31_0001_0042_hb_0003_designed_relax_sym,0.35665979400208286
485,RC4_20_mini_nm_00184_1.6_31_0001_0011_hb_designed_relax_sym,0.4364881123867388
486,RC4_20_mini_nm_00034_1.6_31_0001_0030_hb_0008_designed_relax_sym,0.3858732918258148
487,RC4_20_mini_nm_00125_1.6_31_0001_0017_hb_0001_designed_relax_sym,0.4414907707706029
488,RC4_20_mini_nm_00091_1.6_31_0001_0005_hb_0001_designed_relax_sym,0.4390833645209759
489,RC4_20_mini_nm_00144_1.6_31_0001_0061_hb_0001_designed_relax_sym,0.39688366678885273
490,RC4_20_mini_nm_00096_1.6_31_0001_0010_hb_0001_designed_relax_sym,0.4039612744626889
491,RC4_20_mini_nm_00032_1.6_31_0001_0054_hb_0001_designed_relax_sym,0.5195283101204627
492,RC4_20_mini_nm_00210_1.6_31_0001_0001_hb_designed_relax_sym,0.33967584401316664
493,RC4_20_mini_nm_00030_1.6_31_0001_0046_hb_0002_designed_relax_sym,0.4571302688413551
494,RC4_20_mini_nm_00015_1.6_31_0001_0057_hb_0001_designed_relax_sym,0.3454771971905404
495,RC4_20_mini_nm_00079_1.6_31_0001_0021_hb_0001_designed_relax_sym,0.37640573253918047
496,RC4_20_mini_nm_00013_1.6_31_0001_0023_hb_designed_relax_sym,0.4136057162877622
497,RC4_20_mini_nm_00212_1.6_31_0001_0062_hb_0001_designed_relax_sym,0.4039277816685463
498,RC4_20_mini_nm_00140_1.6_31_0001_0043_hb_0002_designed_relax_sym,0.37668027630816764
499,RC4_20_mini_nm_00122_1.6_31_0001_0007_hb_0003_designed_relax_sym,0.338541453755112
500,RC4_20_mini_nm_00109_1.6_31_0001_0037_hb_designed_relax_sym,0.3732361190762385
501,RC4_20_mini_nm_00209_1.6_31_0001_0009_hb_0002_designed_relax_sym,0.5060193605073606
502,RC4_20_mini_nm_00095_1.6_31_0001_0053_hb_0001_designed_relax_sym,0.38512145087380073
503,RC4_20_mini_nm_00114_1.6_31_0001_0020_hb_designed_relax_sym,0.45064825919596796
504,RC4_20_mini_nm_00198_1.6_31_0001_0037_hb_0002_designed_relax_sym,0.40837291339634196
505,RC4_20_mini_nm_00069_1.6_31_0001_0030_hb_0004_designed_relax_sym,0.42837521615594837
506,RC4_20_mini_nm_00066_1.6_31_0001_0045_hb_0003_designed_relax_sym,0.4586030755595317
507,RC4_20_mini_nm_00055_1.6_31_0001_0028_hb_designed_relax_sym,0.47572033784551626
508,RC4_20_mini_nm_00057_1.6_31_0001_0010_hb_0002_designed_relax_sym,0.40713434795965947
509,RC4_20_mini_nm_00068_1.6_31_0001_0025_hb_0005_designed_relax_sym,0.47823538093184403
510,RC4_20_mini_nm_00198_1.6_31_0001_0002_hb_0001_designed_relax_sym,0.42572331602621943
511,RC4_20_mini_nm_00013_1.6_31_0001_0052_hb_0002_designed_relax_sym,0.40127317150308844
512,RC4_20_mini_nm_00109_1.6_31_0001_0040_hb_0002_designed_relax_sym,0.39667356617664956
513,RC4_20_mini_nm_00023_1.6_31_0001_0002_hb_0002_designed_relax_sym,0.3888219017858086
514,RC4_20_mini_nm_00057_1.6_31_0001_0008_hb_0003_designed_relax_sym,0.3204343037555985
515,RC4_20_mini_nm_00147_1.6_31_0001_0017_hb_0002_designed_relax_sym,0.3646431481945763
516,RC4_20_mini_nm_00030_1.6_31_0001_0031_hb_designed_relax_sym,0.49334577913198974
517,RC4_20_mini_nm_00152_1.6_31_0001_0022_hb_0002_designed_relax_sym,0.48077340347464
518,RC4_20_mini_nm_00180_1.6_31_0001_0012_hb_0002_designed_relax_sym,0.40218332440955307
519,RC4_20_mini_nm_00020_1.6_31_0001_0061_hb_0003_designed_relax_sym,0.3743885669077973
520,RC4_20_mini_nm_00243_1.6_31_0001_0009_hb_designed_relax_sym,0.3702274043197832
521,RC4_20_mini_nm_00153_1.6_31_0001_0048_hb_0006_designed_relax_sym,0.38638745874165287
522,RC4_20_mini_nm_00035_1.6_31_0001_0057_hb_0004_designed_relax_sym,0.3781646594922459
523,RC4_20_mini_nm_00026_1.6_31_0001_0054_hb_0001_designed_relax_sym,0.39189553474308125
524,RC4_20_mini_nm_00034_1.6_31_0001_0002_hb_designed_relax_sym,0.35928378815134143
525,RC4_20_mini_nm_00054_1.6_31_0001_0027_hb_0001_designed_relax_sym,0.3592402597963543
526,RC4_20_mini_nm_00077_1.6_31_0001_0026_hb_0003_designed_relax_sym,0.49393611517070757
527,RC4_20_mini_nm_00232_1.6_31_0001_0030_hb_0003_designed_relax_sym,0.4193961679399428
528,RC4_20_mini_nm_00076_1.6_31_0001_0006_hb_0001_designed_relax_sym,0.4080818404981133
529,RC4_20_mini_nm_00247_1.6_31_0001_0002_hb_0001_designed_relax_sym,0.37592925471724076
530,RC4_20_mini_nm_00119_1.6_31_0001_0026_hb_0003_designed_relax_sym,0.34916316567996664
531,RC4_20_mini_nm_00083_1.6_31_0001_0042_hb_0005_designed_relax_sym,0.36113866090807345
532,RC4_20_mini_nm_00210_1.6_31_0001_0009_hb_0002_designed_relax_sym,0.35350385834039677
533,RC4_20_mini_nm_00061_1.6_31_0001_0055_hb_0001_designed_relax_sym,0.37153290257864974
534,RC4_20_mini_nm_00192_1.6_31_0001_0014_hb_designed_relax_sym,0.38057743071094
535,RC4_20_mini_nm_00156_1.6_31_0001_0025_hb_0002_designed_relax_sym,0.39051641503095114
536,RC4_20_mini_nm_00074_1.6_31_0001_0045_hb_0002_designed_relax_sym,0.4610176155598524
537,RC4_20_mini_nm_00053_1.6_31_0001_0034_hb_designed_relax_sym,0.45251380159166166
538,RC4_20_mini_nm_00089_1.6_31_0001_0054_hb_0002_designed_relax_sym,0.39381720845341506
539,RC4_20_mini_nm_00117_1.6_31_0001_0054_hb_designed_relax_sym,0.4017434920805299
540,RC4_20_mini_nm_00233_1.6_31_0001_0021_hb_0002_designed_relax_sym,0.38454393465217673
541,RC4_20_mini_nm_00175_1.6_31_0001_0047_hb_designed_relax_sym,0.43245270406854786
542,RC4_20_mini_nm_00229_1.6_31_0001_0023_hb_0002_designed_relax_sym,0.3908288809570596
543,RC4_20_mini_nm_00179_1.6_31_0001_0035_hb_0001_designed_relax_sym,0.43477988369864107
544,RC4_20_mini_nm_00203_1.6_31_0001_0051_hb_0003_designed_relax_sym,0.4385541769163955
545,RC4_20_mini_nm_00015_1.6_31_0001_0056_hb_0003_designed_relax_sym,0.44294771061755284
546,RC4_20_mini_nm_00122_1.6_31_0001_0052_hb_0003_designed_relax_sym,0.44896971867540564
547,RC4_20_mini_nm_00042_1.6_31_0001_0045_hb_0001_designed_relax_sym,0.4410273564583422
548,RC4_20_mini_nm_00064_1.6_31_0001_0009_hb_0006_designed_relax_sym,0.3634492833754534
549,RC4_20_mini_nm_00245_1.6_31_0001_0019_hb_0001_designed_relax_sym,0.43504838058484036
550,RC4_20_mini_nm_00167_1.6_31_0001_0030_hb_0001_designed_relax_sym,0.5834793200991697
551,RC4_20_mini_nm_00080_1.6_31_0001_0001_hb_designed_relax_sym,0.3332309365867211
552,RC4_20_mini_nm_00118_1.6_31_0001_0004_hb_designed_relax_sym,0.46196118532869557
553,RC4_20_mini_nm_00070_1.6_31_0001_0025_hb_designed_relax_sym,0.503224128391998
554,RC4_20_mini_nm_00042_1.6_31_0001_0031_hb_0002_designed_relax_sym,0.4297236441424788
555,RC4_20_mini_nm_00157_1.6_31_0001_0011_hb_0001_designed_relax_sym,0.3695388233706388
556,RC4_20_mini_nm_00020_1.6_31_0001_0007_hb_0004_designed_relax_sym,0.37460740676332643
557,RC4_20_mini_nm_00215_1.6_31_0001_0053_hb_0001_designed_relax_sym,0.414164578952991
558,RC4_20_mini_nm_00187_1.6_31_0001_0033_hb_0002_designed_relax_sym,0.5163813591539421
559,RC4_20_mini_nm_00152_1.6_31_0001_0016_hb_0002_designed_relax_sym,0.41655863520016884
560,RC4_20_mini_nm_00087_1.6_31_0001_0055_hb_designed_relax_sym,0.40000803539586666
561,RC4_20_mini_nm_00232_1.6_31_0001_0053_hb_0006_designed_relax_sym,0.32207809855492514
562,RC4_20_mini_nm_00046_1.6_31_0001_0027_hb_designed_relax_sym,0.41742410956392145
563,RC4_20_mini_nm_00005_1.6_31_0001_0036_hb_designed_relax_sym,0.4792083449731769
564,RC4_20_mini_nm_00145_1.6_31_0001_0031_hb_0001_designed_relax_sym,0.4168598695209384
565,RC4_20_mini_nm_00042_1.6_31_0001_0040_hb_0002_designed_relax_sym,0.44348562886191917
566,RC4_20_mini_nm_00013_1.6_31_0001_0025_hb_designed_relax_sym,0.38151921157539387
567,RC4_20_mini_nm_00008_1.6_31_0001_0041_hb_0002_designed_relax_sym,0.40499272006700293
568,RC4_20_mini_nm_00059_1.6_31_0001_0042_hb_0001_designed_relax_sym,0.4016357990458761
569,RC4_20_mini_nm_00148_1.6_31_0001_0058_hb_0001_designed_relax_sym,0.550617609406196
570,RC4_20_mini_nm_00097_1.6_31_0001_0046_hb_0004_designed_relax_sym,0.42194437920879063
571,RC4_20_mini_nm_00239_1.6_31_0001_0060_hb_0001_designed_relax_sym,0.4838971396360129
572,RC4_20_mini_nm_00206_1.6_31_0001_0036_hb_0002_designed_relax_sym,0.37659314959743406
573,RC4_20_mini_nm_00240_1.6_31_0001_0043_hb_0002_designed_relax_sym,0.3677974008237262
574,RC4_20_mini_nm_00028_1.6_31_0001_0013_hb_designed_relax_sym,0.38027995843824464
575,RC4_20_mini_nm_00220_1.6_31_0001_0028_hb_0002_designed_relax_sym,0.5007610027066827
576,RC4_20_mini_nm_00103_1.6_31_0001_0039_hb_0001_designed_relax_sym,0.4045828278338267
577,RC4_20_mini_nm_00019_1.6_31_0001_0037_hb_designed_relax_sym,0.3925361381406742
578,RC4_20_mini_nm_00127_1.6_31_0001_0035_hb_0009_designed_relax_sym,0.3963447021962562
579,RC4_20_mini_nm_00245_1.6_31_0001_0044_hb_0001_designed_relax_sym,0.36820377107235003
580,RC4_20_mini_nm_00179_1.6_31_0001_0024_hb_0002_designed_relax_sym,0.32840619842325236
581,RC4_20_mini_nm_00152_1.6_31_0001_0022_hb_0003_designed_relax_sym,0.512451234364308
582,RC4_20_mini_nm_00171_1.6_31_0001_0023_hb_0001_designed_relax_sym,0.49070945090634144
583,RC4_20_mini_nm_00112_1.6_31_0001_0016_hb_0002_designed_relax_sym,0.46128709456152867
584,RC4_20_mini_nm_00071_1.6_31_0001_0033_hb_0001_designed_relax_sym,0.42251625724268044
585,RC4_20_mini_nm_00173_1.6_31_0001_0032_hb_0005_designed_relax_sym,0.4359471918038733
586,RC4_20_mini_nm_00035_1.6_31_0001_0054_hb_0002_designed_relax_sym,0.3902345119786945
587,RC4_20_mini_nm_00099_1.6_31_0001_0046_hb_0001_designed_relax_sym,0.41225724942072683
588,RC4_20_mini_nm_00160_1.6_31_0001_0014_hb_0003_designed_relax_sym,0.35757144565154686
589,RC4_20_mini_nm_00066_1.6_31_0001_0054_hb_designed_relax_sym,0.43714913289691165
590,RC4_20_mini_nm_00020_1.6_31_0001_0030_hb_0002_designed_relax_sym,0.44241769031594874
591,RC4_20_mini_nm_00147_1.6_31_0001_0043_hb_0001_designed_relax_sym,0.4262123765454531
592,RC4_20_mini_nm_00149_1.6_31_0001_0006_hb_0004_designed_relax_sym,0.3641352261032563
593,RC4_20_mini_nm_00069_1.6_31_0001_0003_hb_0003_designed_relax_sym,0.380117189607888
594,RC4_20_mini_nm_00150_1.6_31_0001_0035_hb_0002_designed_relax_sym,0.41881312177386676
595,RC4_20_mini_nm_00198_1.6_31_0001_0022_hb_0001_designed_relax_sym,0.39090068557569785
596,RC4_20_mini_nm_00119_1.6_31_0001_0026_hb_0002_designed_relax_sym,0.38833481104699746
597,RC4_20_mini_nm_00197_1.6_31_0001_0015_hb_0001_designed_relax_sym,0.39483933746562705
598,RC4_20_mini_nm_00202_1.6_31_0001_0045_hb_0001_designed_relax_sym,0.35095039534018446
599,RC4_20_mini_nm_00030_1.6_31_0001_0008_hb_designed_relax_sym,0.37666721904398875
600,RC4_20_mini_nm_00106_1.6_31_0001_0013_hb_designed_relax_sym,0.37989863705107224
601,RC4_20_mini_nm_00169_1.6_31_0001_0043_hb_designed_relax_sym,0.35600133866963124
602,RC4_20_mini_nm_00229_1.6_31_0001_0011_hb_0007_designed_relax_sym,0.39475692319618383
603,RC4_20_mini_nm_00148_1.6_31_0001_0035_hb_0001_designed_relax_sym,0.3686917412130835
604,RC4_20_mini_nm_00000_1.6_31_0001_0005_hb_designed_relax_sym,0.42495889012535293
605,RC4_20_mini_nm_00010_1.6_31_0001_0048_hb_0002_designed_relax_sym,0.39442148387603176
606,RC4_20_mini_nm_00135_1.6_31_0001_0018_hb_0001_designed_relax_sym,0.3921058246478746
607,RC4_20_mini_nm_00075_1.6_31_0001_0050_hb_0002_designed_relax_sym,0.3974395298720853
608,RC4_20_mini_nm_00057_1.6_31_0001_0023_hb_0005_designed_relax_sym,0.42178405901986316
609,RC4_20_mini_nm_00211_1.6_31_0001_0049_hb_designed_relax_sym,0.3703127460902769
610,RC4_20_mini_nm_00207_1.6_31_0001_0003_hb_0002_designed_relax_sym,0.3891896001384429
611,RC4_20_mini_nm_00103_1.6_31_0001_0011_hb_0001_designed_relax_sym,0.39163556992890974
612,RC4_20_mini_nm_00134_1.6_31_0001_0017_hb_0018_designed_relax_sym,0.4068266244328518
613,RC4_20_mini_nm_00188_1.6_31_0001_0025_hb_0001_designed_relax_sym,0.5194790789973263
614,RC4_20_mini_nm_00109_1.6_31_0001_0021_hb_0002_designed_relax_sym,0.3542907203542127
615,RC4_20_mini_nm_00199_1.6_31_0001_0009_hb_0005_designed_relax_sym,0.4270645655411554
616,RC4_20_mini_nm_00058_1.6_31_0001_0029_hb_0007_designed_relax_sym,0.4620257088347628
617,RC4_20_mini_nm_00111_1.6_31_0001_0015_hb_designed_relax_sym,0.3489689390905314
618,RC4_20_mini_nm_00203_1.6_31_0001_0055_hb_0002_designed_relax_sym,0.3926795374699124
619,RC4_20_mini_nm_00193_1.6_31_0001_0002_hb_0001_designed_relax_sym,0.42298120789074245
620,RC4_20_mini_nm_00046_1.6_31_0001_0043_hb_0002_designed_relax_sym,0.38290800292027055
621,RC4_20_mini_nm_00064_1.6_31_0001_0047_hb_0001_designed_relax_sym,0.3654400620936036
622,RC4_20_mini_nm_00072_1.6_31_0001_0058_hb_0001_designed_relax_sym,0.3579679724055434
623,RC4_20_mini_nm_00094_1.6_31_0001_0022_hb_0002_designed_relax_sym,0.37998786005900836
624,RC4_20_mini_nm_00100_1.6_31_0001_0003_hb_0001_designed_relax_sym,0.43284658662875225
625,RC4_20_mini_nm_00227_1.6_31_0001_0008_hb_0001_designed_relax_sym,0.40014407517389167
626,RC4_20_mini_nm_00003_1.6_31_0001_0007_hb_0004_designed_relax_sym,0.539147690703589
627,RC4_20_mini_nm_00189_1.6_31_0001_0042_hb_designed_relax_sym,0.3719819650247438
628,RC4_20_mini_nm_00146_1.6_31_0001_0019_hb_0004_designed_relax_sym,0.3876757119366277
629,RC4_20_mini_nm_00164_1.6_31_0001_0016_hb_designed_relax_sym,0.3661393171881949
630,RC4_20_mini_nm_00006_1.6_31_0001_0060_hb_0004_designed_relax_sym,0.5426433691268238
631,RC4_20_mini_nm_00137_1.6_31_0001_0003_hb_0001_designed_relax_sym,0.3885427397991694
632,RC4_20_mini_nm_00208_1.6_31_0001_0049_hb_0002_designed_relax_sym,0.4040139053181582
633,RC4_20_mini_nm_00233_1.6_31_0001_0043_hb_0005_designed_relax_sym,0.38487312836330645
634,RC4_20_mini_nm_00055_1.6_31_0001_0060_hb_designed_relax_sym,0.3706596210317787
635,RC4_20_mini_nm_00079_1.6_31_0001_0028_hb_0003_designed_relax_sym,0.40397400887107004
636,RC4_20_mini_nm_00002_1.6_31_0001_0015_hb_0002_designed_relax_sym,0.3675212238739526
637,RC4_20_mini_nm_00160_1.6_31_0001_0025_hb_designed_relax_sym,0.42124512184860746
638,RC4_20_mini_nm_00151_1.6_31_0001_0031_hb_0001_designed_relax_sym,0.41047054385452164
639,RC4_20_mini_nm_00061_1.6_31_0001_0005_hb_0002_designed_relax_sym,0.4964557780068559
640,RC4_20_mini_nm_00172_1.6_31_0001_0028_hb_0002_designed_relax_sym,0.5129754106514738
641,RC4_20_mini_nm_00189_1.6_31_0001_0019_hb_designed_relax_sym,0.44914493212956835
642,RC4_20_mini_nm_00226_1.6_31_0001_0058_hb_designed_relax_sym,0.4611918445597919
643,RC4_20_mini_nm_00129_1.6_31_0001_0020_hb_0005_designed_relax_sym,0.389880696284219
644,RC4_20_mini_nm_00067_1.6_31_0001_0041_hb_0001_designed_relax_sym,0.3803906092301822
645,RC4_20_mini_nm_00079_1.6_31_0001_0008_hb_0002_designed_relax_sym,0.4238153195844116
646,RC4_20_mini_nm_00244_1.6_31_0001_0009_hb_0003_designed_relax_sym,0.3722823684737349
647,RC4_20_mini_nm_00129_1.6_31_0001_0057_hb_0001_designed_relax_sym,0.35718437753365095
648,RC4_20_mini_nm_00168_1.6_31_0001_0037_hb_0001_designed_relax_sym,0.4533183468143829
649,RC4_20_mini_nm_00198_1.6_31_0001_0029_hb_designed_relax_sym,0.4126113299440609
650,RC4_20_mini_nm_00149_1.6_31_0001_0001_hb_0003_designed_relax_sym,0.42757435833308327
651,RC4_20_mini_nm_00092_1.6_31_0001_0057_hb_0002_designed_relax_sym,0.3874182587325351
652,RC4_20_mini_nm_00081_1.6_31_0001_0023_hb_0003_designed_relax_sym,0.4486690239728967
653,RC4_20_mini_nm_00205_1.6_31_0001_0060_hb_designed_relax_sym,0.4798976465213932
654,RC4_20_mini_nm_00131_1.6_31_0001_0028_hb_designed_relax_sym,0.3982731739367588
655,RC4_20_mini_nm_00192_1.6_31_0001_0016_hb_0002_designed_relax_sym,0.38609207137287427
656,RC4_20_mini_nm_00205_1.6_31_0001_0005_hb_0001_designed_relax_sym,0.49170424439005384
657,RC4_20_mini_nm_00047_1.6_31_0001_0023_hb_0002_designed_relax_sym,0.3951840750452757
658,RC4_20_mini_nm_00183_1.6_31_0001_0039_hb_0001_designed_relax_sym,0.35489832980830677
659,RC4_20_mini_nm_00061_1.6_31_0001_0018_hb_0001_designed_relax_sym,0.3944416140495966
660,RC4_20_mini_nm_00088_1.6_31_0001_0055_hb_0002_designed_relax_sym,0.4294623866520252
661,RC4_20_mini_nm_00072_1.6_31_0001_0057_hb_designed_relax_sym,0.3826312289576537
662,RC4_20_mini_nm_00182_1.6_31_0001_0053_hb_designed_relax_sym,0.3801678091283114
663,RC4_20_mini_nm_00137_1.6_31_0001_0057_hb_0008_designed_relax_sym,0.43829774005764854
664,RC4_20_mini_nm_00236_1.6_31_0001_0042_hb_0003_designed_relax_sym,0.4790433981818507
665,RC4_20_mini_nm_00049_1.6_31_0001_0009_hb_0002_designed_relax_sym,0.46980620559532815
666,RC4_20_mini_nm_00190_1.6_31_0001_0044_hb_0001_designed_relax_sym,0.3668684184571498
667,RC4_20_mini_nm_00200_1.6_31_0001_0013_hb_0002_designed_relax_sym,0.4140490247039101
668,RC4_20_mini_nm_00078_1.6_31_0001_0055_hb_0002_designed_relax_sym,0.4017853595989696
669,RC4_20_mini_nm_00209_1.6_31_0001_0009_hb_0001_designed_relax_sym,0.5530214631137844
670,RC4_20_mini_nm_00180_1.6_31_0001_0053_hb_0001_designed_relax_sym,0.3810223645732548
671,RC4_20_mini_nm_00205_1.6_31_0001_0045_hb_0001_designed_relax_sym,0.5468663177280253
672,RC4_20_mini_nm_00055_1.6_31_0001_0037_hb_0001_designed_relax_sym,0.4271967215230166
673,RC4_20_mini_nm_00184_1.6_31_0001_0049_hb_0002_designed_relax_sym,0.392288077293493
674,RC4_20_mini_nm_00164_1.6_31_0001_0006_hb_0003_designed_relax_sym,0.4098785312863004
675,RC4_20_mini_nm_00193_1.6_31_0001_0002_hb_0003_designed_relax_sym,0.4035296098835012
676,RC4_20_mini_nm_00230_1.6_31_0001_0012_hb_0002_designed_relax_sym,0.4323852076022496
677,RC4_20_mini_nm_00145_1.6_31_0001_0015_hb_0002_designed_relax_sym,0.3748317368567887
678,RC4_20_mini_nm_00002_1.6_31_0001_0047_hb_designed_relax_sym,0.4238080163064563
679,RC4_20_mini_nm_00078_1.6_31_0001_0002_hb_0007_designed_relax_sym,0.37797846005503827
680,RC4_20_mini_nm_00147_1.6_31_0001_0053_hb_0003_designed_relax_sym,0.4379181051786713
681,RC4_20_mini_nm_00086_1.6_31_0001_0038_hb_designed_relax_sym,0.3788592913047623
682,RC4_20_mini_nm_00111_1.6_31_0001_0060_hb_0003_designed_relax_sym,0.42795502912830113
683,RC4_20_mini_nm_00198_1.6_31_0001_0031_hb_0004_designed_relax_sym,0.3309664877047235
684,RC4_20_mini_nm_00166_1.6_31_0001_0033_hb_designed_relax_sym,0.3861412601935964
685,RC4_20_mini_nm_00096_1.6_31_0001_0010_hb_0002_designed_relax_sym,0.34544579384745927
686,RC4_20_mini_nm_00120_1.6_31_0001_0041_hb_0001_designed_relax_sym,0.35075672985250145
687,RC4_20_mini_nm_00088_1.6_31_0001_0008_hb_0001_designed_relax_sym,0.38795937812215364
688,RC4_20_mini_nm_00074_1.6_31_0001_0004_hb_0001_designed_relax_sym,0.4907055030293227
689,RC4_20_mini_nm_00242_1.6_31_0001_0006_hb_designed_relax_sym,0.53920356526585
690,RC4_20_mini_nm_00117_1.6_31_0001_0039_hb_0003_designed_relax_sym,0.34320544607577896
691,RC4_20_mini_nm_00142_1.6_31_0001_0038_hb_0002_designed_relax_sym,0.4073572820710335
692,RC4_20_mini_nm_00139_1.6_31_0001_0058_hb_0002_designed_relax_sym,0.33811224487939023
693,RC4_20_mini_nm_00027_1.6_31_0001_0027_hb_0005_designed_relax_sym,0.4161313741475922
694,RC4_20_mini_nm_00197_1.6_31_0001_0040_hb_0003_designed_relax_sym,0.33848812579546356
695,RC4_20_mini_nm_00189_1.6_31_0001_0034_hb_0002_designed_relax_sym,0.4103665224659917
696,RC4_20_mini_nm_00054_1.6_31_0001_0057_hb_0001_designed_relax_sym,0.3884726001390554
697,RC4_20_mini_nm_00185_1.6_31_0001_0029_hb_0002_designed_relax_sym,0.4354591175960089
698,RC4_20_mini_nm_00150_1.6_31_0001_0029_hb_0001_designed_relax_sym,0.35604155289596834
699,RC4_20_mini_nm_00230_1.6_31_0001_0054_hb_designed_relax_sym,0.5340981017387685
700,RC4_20_mini_nm_00188_1.6_31_0001_0039_hb_designed_relax_sym,0.4111247781836204
701,RC4_20_mini_nm_00204_1.6_31_0001_0051_hb_0002_designed_relax_sym,0.4961627309115918
702,RC4_20_mini_nm_00211_1.6_31_0001_0010_hb_0001_designed_relax_sym,0.39892956086380077
703,RC4_20_mini_nm_00157_1.6_31_0001_0048_hb_0002_designed_relax_sym,0.42563127716363336
704,RC4_20_mini_nm_00229_1.6_31_0001_0002_hb_designed_relax_sym,0.36762697291299484
705,RC4_20_mini_nm_00009_1.6_31_0001_0018_hb_0002_designed_relax_sym,0.4205332826803426
706,RC4_20_mini_nm_00143_1.6_31_0001_0031_hb_0002_designed_relax_sym,0.4021439829662129
707,RC4_20_mini_nm_00068_1.6_31_0001_0024_hb_0004_designed_relax_sym,0.41958715319675144
708,RC4_20_mini_nm_00051_1.6_31_0001_0053_hb_0005_designed_relax_sym,0.5057593098732277
709,RC4_20_mini_nm_00170_1.6_31_0001_0019_hb_0005_designed_relax_sym,0.4080516715572443
710,RC4_20_mini_nm_00244_1.6_31_0001_0009_hb_0001_designed_relax_sym,0.4184461249613631
711,RC4_20_mini_nm_00001_1.6_31_0001_0053_hb_0002_designed_relax_sym,0.441542278218055
712,RC4_20_mini_nm_00062_1.6_31_0001_0037_hb_0001_designed_relax_sym,0.4576675595082884
713,RC4_20_mini_nm_00020_1.6_31_0001_0027_hb_designed_relax_sym,0.43923884081909287
714,RC4_20_mini_nm_00190_1.6_31_0001_0027_hb_0005_designed_relax_sym,0.3529638223929607
715,RC4_20_mini_nm_00146_1.6_31_0001_0040_hb_designed_relax_sym,0.4162789311459874
716,RC4_20_mini_nm_00130_1.6_31_0001_0034_hb_designed_relax_sym,0.3980145304661855
717,RC4_20_mini_nm_00140_1.6_31_0001_0038_hb_0004_designed_relax_sym,0.3985748653533106
718,RC4_20_mini_nm_00097_1.6_31_0001_0055_hb_0001_designed_relax_sym,0.4273585455779576
719,RC4_20_mini_nm_00003_1.6_31_0001_0010_hb_0001_designed_relax_sym,0.43584933066440024
720,RC4_20_mini_nm_00189_1.6_31_0001_0006_hb_designed_relax_sym,0.3816110099812156
721,RC4_20_mini_nm_00238_1.6_31_0001_0040_hb_designed_relax_sym,0.3918926521571097
722,RC4_20_mini_nm_00148_1.6_31_0001_0019_hb_0003_designed_relax_sym,0.37113815340593637
723,RC4_20_mini_nm_00183_1.6_31_0001_0001_hb_designed_relax_sym,0.37197306567797517
724,RC4_20_mini_nm_00187_1.6_31_0001_0052_hb_0001_designed_relax_sym,0.43252322044573
725,RC4_20_mini_nm_00239_1.6_31_0001_0039_hb_0002_designed_relax_sym,0.4680294907529706
726,RC4_20_mini_nm_00101_1.6_31_0001_0062_hb_designed_relax_sym,0.3846344152952434
727,RC4_20_mini_nm_00073_1.6_31_0001_0018_hb_0002_designed_relax_sym,0.34782793602133266
728,RC4_20_mini_nm_00034_1.6_31_0001_0017_hb_0006_designed_relax_sym,0.4591603079977344
729,RC4_20_mini_nm_00167_1.6_31_0001_0030_hb_0002_designed_relax_sym,0.5114326399291254
730,RC4_20_mini_nm_00239_1.6_31_0001_0060_hb_0003_designed_relax_sym,0.38034081868782416
731,RC4_20_mini_nm_00117_1.6_31_0001_0015_hb_designed_relax_sym,0.46483326762872806
732,RC4_20_mini_nm_00118_1.6_31_0001_0031_hb_0004_designed_relax_sym,0.40852989920659155
733,RC4_20_mini_nm_00045_1.6_31_0001_0001_hb_0002_designed_relax_sym,0.48411283543449646
734,RC4_20_mini_nm_00042_1.6_31_0001_0031_hb_0001_designed_relax_sym,0.37082601083864053
735,RC4_20_mini_nm_00040_1.6_31_0001_0056_hb_designed_relax_sym,0.4524358454081044
736,RC4_20_mini_nm_00162_1.6_31_0001_0003_hb_designed_relax_sym,0.3607794558610195
737,RC4_20_mini_nm_00073_1.6_31_0001_0059_hb_0002_designed_relax_sym,0.4483389409834561
738,RC4_20_mini_nm_00052_1.6_31_0001_0052_hb_0002_designed_relax_sym,0.4476724242846469
739,RC4_20_mini_nm_00161_1.6_31_0001_0025_hb_0001_designed_relax_sym,0.4371365380777453
740,RC4_20_mini_nm_00142_1.6_31_0001_0059_hb_designed_relax_sym,0.42374563929983544
741,RC4_20_mini_nm_00157_1.6_31_0001_0012_hb_0004_designed_relax_sym,0.36204965925014704
742,RC4_20_mini_nm_00113_1.6_31_0001_0048_hb_0005_designed_relax_sym,0.37381572926377
743,RC4_20_mini_nm_00090_1.6_31_0001_0014_hb_designed_relax_sym,0.38608098715664824
744,RC4_20_mini_nm_00156_1.6_31_0001_0045_hb_0002_designed_relax_sym,0.395448408739597
745,RC4_20_mini_nm_00054_1.6_31_0001_0016_hb_0001_designed_relax_sym,0.4310755530077489
746,RC4_20_mini_nm_00233_1.6_31_0001_0021_hb_0001_designed_relax_sym,0.46536609053402667
747,RC4_20_mini_nm_00037_1.6_31_0001_0057_hb_0001_designed_relax_sym,0.39712130220728015
748,RC4_20_mini_nm_00193_1.6_31_0001_0056_hb_designed_relax_sym,0.4587708521293138
749,RC4_20_mini_nm_00054_1.6_31_0001_0047_hb_0001_designed_relax_sym,0.40641421243151815
750,RC4_20_mini_nm_00013_1.6_31_0001_0012_hb_0003_designed_relax_sym,0.39360864087166253
751,RC4_20_mini_nm_00226_1.6_31_0001_0051_hb_designed_relax_sym,0.4153962910919798
752,RC4_20_mini_nm_00167_1.6_31_0001_0041_hb_designed_relax_sym,0.5253231409604939
753,RC4_20_mini_nm_00183_1.6_31_0001_0017_hb_designed_relax_sym,0.3956144653432619
754,RC4_20_mini_nm_00131_1.6_31_0001_0037_hb_0003_designed_relax_sym,0.5198978030562241
755,RC4_20_mini_nm_00146_1.6_31_0001_0045_hb_0005_designed_relax_sym,0.34815665394063094
756,RC4_20_mini_nm_00185_1.6_31_0001_0059_hb_0001_designed_relax_sym,0.3991658431751977
757,RC4_20_mini_nm_00247_1.6_31_0001_0002_hb_0002_designed_relax_sym,0.43121901106820953
758,RC4_20_mini_nm_00210_1.6_31_0001_0009_hb_0001_designed_relax_sym,0.36085438569359635
759,RC4_20_mini_nm_00238_1.6_31_0001_0031_hb_designed_relax_sym,0.38566815182384495
760,RC4_20_mini_nm_00149_1.6_31_0001_0038_hb_0003_designed_relax_sym,0.44940217465839954
761,RC4_20_mini_nm_00048_1.6_31_0001_0059_hb_0001_designed_relax_sym,0.4049997020188834
762,RC4_20_mini_nm_00116_1.6_31_0001_0034_hb_0003_designed_relax_sym,0.34917657719566764
763,RC4_20_mini_nm_00150_1.6_31_0001_0042_hb_0004_designed_relax_sym,0.4374957765124954
764,RC4_20_mini_nm_00029_1.6_31_0001_0033_hb_designed_relax_sym,0.42243163195751804
765,RC4_20_mini_nm_00122_1.6_31_0001_0012_hb_0002_designed_relax_sym,0.39350571910341087
766,RC4_20_mini_nm_00169_1.6_31_0001_0012_hb_designed_relax_sym,0.42760245257549034
767,RC4_20_mini_nm_00089_1.6_31_0001_0054_hb_0001_designed_relax_sym,0.40592990920222377
768,RC4_20_mini_nm_00211_1.6_31_0001_0009_hb_0002_designed_relax_sym,0.43213537304859434
769,RC4_20_mini_nm_00109_1.6_31_0001_0040_hb_0001_designed_relax_sym,0.38110507839630636
770,RC4_20_mini_nm_00243_1.6_31_0001_0020_hb_0001_designed_relax_sym,0.39128630969718553
771,RC4_20_mini_nm_00210_1.6_31_0001_0014_hb_0002_designed_relax_sym,0.3899078959926635
772,RC4_20_mini_nm_00023_1.6_31_0001_0002_hb_0001_designed_relax_sym,0.3888383594429909
773,RC4_20_mini_nm_00180_1.6_31_0001_0012_hb_0001_designed_relax_sym,0.39112431345427734
774,RC4_20_mini_nm_00032_1.6_31_0001_0008_hb_0001_designed_relax_sym,0.36730684626221777
775,RC4_20_mini_nm_00155_1.6_31_0001_0037_hb_0001_designed_relax_sym,0.3616645167881994
776,RC4_20_mini_nm_00210_1.6_31_0001_0060_hb_0001_designed_relax_sym,0.4539624436383645
777,RC4_20_mini_nm_00178_1.6_31_0001_0004_hb_0002_designed_relax_sym,0.4489485054889896
778,RC4_20_mini_nm_00159_1.6_31_0001_0042_hb_designed_relax_sym,0.4533294291694171
779,RC4_20_mini_nm_00048_1.6_31_0001_0010_hb_0001_designed_relax_sym,0.3778774307209497
780,RC4_20_mini_nm_00039_1.6_31_0001_0020_hb_0001_designed_relax_sym,0.3871116093542232
781,RC4_20_mini_nm_00040_1.6_31_0001_0017_hb_0002_designed_relax_sym,0.3807733711780071
782,RC4_20_mini_nm_00105_1.6_31_0001_0052_hb_0011_designed_relax_sym,0.40957487480607324
783,RC4_20_mini_nm_00070_1.6_31_0001_0047_hb_0002_designed_relax_sym,0.4385241636063461
784,RC4_20_mini_nm_00058_1.6_31_0001_0056_hb_0001_designed_relax_sym,0.33973399424672124
785,RC4_20_mini_nm_00145_1.6_31_0001_0025_hb_0002_designed_relax_sym,0.3813223151197868
786,RC4_20_mini_nm_00208_1.6_31_0001_0061_hb_designed_relax_sym,0.37954520170975653
787,RC4_20_mini_nm_00018_1.6_31_0001_0047_hb_0003_designed_relax_sym,0.3986000370854396
788,RC4_20_mini_nm_00135_1.6_31_0001_0010_hb_0003_designed_relax_sym,0.36427898254480834
789,RC4_20_mini_nm_00204_1.6_31_0001_0007_hb_0004_designed_relax_sym,0.3965615377699232
790,RC4_20_mini_nm_00013_1.6_31_0001_0058_hb_designed_relax_sym,0.36778965974065464
791,RC4_20_mini_nm_00077_1.6_31_0001_0026_hb_0001_designed_relax_sym,0.4391724516472642
792,RC4_20_mini_nm_00073_1.6_31_0001_0019_hb_0001_designed_relax_sym,0.420780461562227
793,RC4_20_mini_nm_00109_1.6_31_0001_0045_hb_0002_designed_relax_sym,0.4744901369067766
794,RC4_20_mini_nm_00139_1.6_31_0001_0057_hb_designed_relax_sym,0.38970187937612016
795,RC4_20_mini_nm_00153_1.6_31_0001_0048_hb_0004_designed_relax_sym,0.4697939326725358
796,RC4_20_mini_nm_00156_1.6_31_0001_0005_hb_0001_designed_relax_sym,0.4244130879202489
797,RC4_20_mini_nm_00020_1.6_31_0001_0061_hb_0001_designed_relax_sym,0.4080141363640536
798,RC4_20_mini_nm_00238_1.6_31_0001_0034_hb_designed_relax_sym,0.33766218609155946
799,RC4_20_mini_nm_00217_1.6_31_0001_0002_hb_0004_designed_relax_sym,0.4480396125548734
800,RC4_20_mini_nm_00112_1.6_31_0001_0062_hb_0002_designed_relax_sym,0.5307799155981286
801,RC4_20_mini_nm_00097_1.6_31_0001_0049_hb_0001_designed_relax_sym,0.3694447343219519
802,RC4_20_mini_nm_00172_1.6_31_0001_0058_hb_0002_designed_relax_sym,0.3838677915965418
803,RC4_20_mini_nm_00037_1.6_31_0001_0046_hb_0002_designed_relax_sym,0.4239790830727038
804,RC4_20_mini_nm_00188_1.6_31_0001_0001_hb_0003_designed_relax_sym,0.472802319842155
805,RC4_20_mini_nm_00079_1.6_31_0001_0054_hb_0002_designed_relax_sym,0.3591071753590288
806,RC4_20_mini_nm_00059_1.6_31_0001_0042_hb_0002_designed_relax_sym,0.34679729806305754
807,RC4_20_mini_nm_00240_1.6_31_0001_0013_hb_designed_relax_sym,0.4238972403364814
808,RC4_20_mini_nm_00015_1.6_31_0001_0051_hb_designed_relax_sym,0.5926350384395663
809,RC4_20_mini_nm_00167_1.6_31_0001_0030_hb_0003_designed_relax_sym,0.4049563857586187
810,RC4_20_mini_nm_00235_1.6_31_0001_0009_hb_0001_designed_relax_sym,0.37401119533270805
811,RC4_20_mini_nm_00181_1.6_31_0001_0052_hb_0001_designed_relax_sym,0.4417529907041366
812,RC4_20_mini_nm_00027_1.6_31_0001_0016_hb_0022_designed_relax_sym,0.4181014253217777
813,RC4_20_mini_nm_00242_1.6_31_0001_0058_hb_0001_designed_relax_sym,0.39098027605277624
814,RC4_20_mini_nm_00039_1.6_31_0001_0011_hb_0002_designed_relax_sym,0.3827584502601655
815,RC4_20_mini_nm_00123_1.6_31_0001_0026_hb_0001_designed_relax_sym,0.38119129709872923
816,RC4_20_mini_nm_00081_1.6_31_0001_0047_hb_0003_designed_relax_sym,0.39752158904969526
817,RC4_20_mini_nm_00175_1.6_31_0001_0028_hb_0003_designed_relax_sym,0.39676567537237223
818,RC4_20_mini_nm_00148_1.6_31_0001_0060_hb_0002_designed_relax_sym,0.4139569276281595
819,RC4_20_mini_nm_00159_1.6_31_0001_0025_hb_designed_relax_sym,0.4730105509490568
820,RC4_20_mini_nm_00095_1.6_31_0001_0052_hb_0001_designed_relax_sym,0.3796009467486435
821,RC4_20_mini_nm_00233_1.6_31_0001_0057_hb_designed_relax_sym,0.4579690486762041
822,RC4_20_mini_nm_00156_1.6_31_0001_0045_hb_0003_designed_relax_sym,0.40888057297081076
823,RC4_20_mini_nm_00171_1.6_31_0001_0025_hb_designed_relax_sym,0.4377419029962536
824,RC4_20_mini_nm_00082_1.6_31_0001_0034_hb_0002_designed_relax_sym,0.4426062059753005
825,RC4_20_mini_nm_00067_1.6_31_0001_0041_hb_0002_designed_relax_sym,0.39698927767122427
826,RC4_20_mini_nm_00083_1.6_31_0001_0024_hb_designed_relax_sym,0.3700661555592565
827,RC4_20_mini_nm_00210_1.6_31_0001_0015_hb_0001_designed_relax_sym,0.3373379415282462
828,RC4_20_mini_nm_00204_1.6_31_0001_0051_hb_0003_designed_relax_sym,0.4195911115035612
829,RC4_20_mini_nm_00112_1.6_31_0001_0045_hb_0004_designed_relax_sym,0.3822635011012976
830,RC4_20_mini_nm_00243_1.6_31_0001_0004_hb_0001_designed_relax_sym,0.49853045369562166
831,RC4_20_mini_nm_00192_1.6_31_0001_0016_hb_0001_designed_relax_sym,0.45071017187680085
832,RC4_20_mini_nm_00203_1.6_31_0001_0028_hb_designed_relax_sym,0.416236871392704
833,RC4_20_mini_nm_00004_1.6_31_0001_0049_hb_0003_designed_relax_sym,0.38855395407751114
834,RC4_20_mini_nm_00027_1.6_31_0001_0027_hb_0004_designed_relax_sym,0.42557198560435094
835,RC4_20_mini_nm_00197_1.6_31_0001_0040_hb_0002_designed_relax_sym,0.3875012559451013
836,RC4_20_mini_nm_00130_1.6_31_0001_0033_hb_0001_designed_relax_sym,0.42269102569261285
837,RC4_20_mini_nm_00144_1.6_31_0001_0024_hb_designed_relax_sym,0.44239974169708735
838,RC4_20_mini_nm_00190_1.6_31_0001_0024_hb_0003_designed_relax_sym,0.40056630813074584
839,RC4_20_mini_nm_00110_1.6_31_0001_0025_hb_0001_designed_relax_sym,0.3661344528806337
840,RC4_20_mini_nm_00184_1.6_31_0001_0060_hb_0001_designed_relax_sym,0.3655500915262476
841,RC4_20_mini_nm_00050_1.6_31_0001_0024_hb_0003_designed_relax_sym,0.38114758986586417
842,RC4_20_mini_nm_00002_1.6_31_0001_0015_hb_0001_designed_relax_sym,0.45976128469623545
843,RC4_20_mini_nm_00151_1.6_31_0001_0031_hb_0002_designed_relax_sym,0.39656417647078046
844,RC4_20_mini_nm_00192_1.6_31_0001_0046_hb_designed_relax_sym,0.4729071388754518
845,RC4_20_mini_nm_00086_1.6_31_0001_0047_hb_0001_designed_relax_sym,0.36619517266104706
846,RC4_20_mini_nm_00072_1.6_31_0001_0003_hb_designed_relax_sym,0.4296265834784275
847,RC4_20_mini_nm_00218_1.6_31_0001_0023_hb_designed_relax_sym,0.4412537335343841
848,RC4_20_mini_nm_00020_1.6_31_0001_0005_hb_0002_designed_relax_sym,0.3806919649362096
849,RC4_20_mini_nm_00230_1.6_31_0001_0044_hb_designed_relax_sym,0.43736811689422006
850,RC4_20_mini_nm_00186_1.6_31_0001_0021_hb_designed_relax_sym,0.4319340466338435
851,RC4_20_mini_nm_00214_1.6_31_0001_0023_hb_0002_designed_relax_sym,0.4388425703148049
852,RC4_20_mini_nm_00144_1.6_31_0001_0031_hb_designed_relax_sym,0.4127712894060102
853,RC4_20_mini_nm_00135_1.6_31_0001_0005_hb_0001_designed_relax_sym,0.4453975572221523
854,RC4_20_mini_nm_00022_1.6_31_0001_0032_hb_0002_designed_relax_sym,0.40205788417391647
855,RC4_20_mini_nm_00030_1.6_31_0001_0043_hb_0002_designed_relax_sym,0.3886533629722499
856,RC4_20_mini_nm_00176_1.6_31_0001_0039_hb_designed_relax_sym,0.4019236733556498
857,RC4_20_mini_nm_00104_1.6_31_0001_0030_hb_designed_relax_sym,0.37130622866277696
858,RC4_20_mini_nm_00113_1.6_31_0001_0025_hb_0004_designed_relax_sym,0.3893989330391258
859,RC4_20_mini_nm_00100_1.6_31_0001_0003_hb_0002_designed_relax_sym,0.3960645689178312
860,RC4_20_mini_nm_00011_1.6_31_0001_0019_hb_0002_designed_relax_sym,0.479955419645029
861,RC4_20_mini_nm_00134_1.6_31_0001_0049_hb_0001_designed_relax_sym,0.5005129041064531
862,RC4_20_mini_nm_00132_1.6_31_0001_0041_hb_0001_designed_relax_sym,0.4209138332922573
863,RC4_20_mini_nm_00151_1.6_31_0001_0025_hb_0002_designed_relax_sym,0.43053826689362745
864,RC4_20_mini_nm_00062_1.6_31_0001_0057_hb_designed_relax_sym,0.5287560142935931
865,RC4_20_mini_nm_00192_1.6_31_0001_0002_hb_0001_designed_relax_sym,0.42498354740468264
866,RC4_20_mini_nm_00036_1.6_31_0001_0056_hb_0001_designed_relax_sym,0.343376893838493
867,RC4_20_mini_nm_00080_1.6_31_0001_0017_hb_0002_designed_relax_sym,0.38313801797711916
868,RC4_20_mini_nm_00038_1.6_31_0001_0041_hb_0003_designed_relax_sym,0.3822141277783909
869,RC4_20_mini_nm_00047_1.6_31_0001_0043_hb_0002_designed_relax_sym,0.4291892269327866
870,RC4_20_mini_nm_00203_1.6_31_0001_0001_hb_designed_relax_sym,0.4046016615262531
871,RC4_20_mini_nm_00219_1.6_31_0001_0009_hb_designed_relax_sym,0.37367869157991995
872,RC4_20_mini_nm_00075_1.6_31_0001_0050_hb_0001_designed_relax_sym,0.4020606348227199
873,RC4_20_mini_nm_00057_1.6_31_0001_0023_hb_0006_designed_relax_sym,0.38658112355657015
874,RC4_20_mini_nm_00093_1.6_31_0001_0002_hb_designed_relax_sym,0.4000647121658376
875,RC4_20_mini_nm_00249_1.6_31_0001_0007_hb_designed_relax_sym,0.3676199803441305
876,RC4_20_mini_nm_00155_1.6_31_0001_0001_hb_designed_relax_sym,0.353307470061243
877,RC4_20_mini_nm_00102_1.6_31_0001_0029_hb_0001_designed_relax_sym,0.35216126075611065
878,RC4_20_mini_nm_00216_1.6_31_0001_0037_hb_0004_designed_relax_sym,0.3952692276370263
879,RC4_20_mini_nm_00184_1.6_31_0001_0038_hb_0002_designed_relax_sym,0.4260961223235633
